game_id,season,week,top1_id,top1_p,top1_conf,top1_hit,top2_hit,vol_top1_hit,n_scorers,n_scorers_covered,recall_at2,recall_at3
2022_01_BUF_LA,2022,1,4243537,0.5213621713167688,58.6,1,1,0,5,4,0.2,0.2
2022_01_BAL_NYJ,2022,1,4372414,0.3824311950596596,42.9,0,0,0,3,3,0.0,0.0
2022_01_CLE_CAR,2022,1,2976499,0.434450804353145,41.2,0,0,1,4,4,0.0,0.25
2022_01_GB_MIN,2022,1,3042519,0.541727239163559,74.3,0,1,0,2,2,0.5,1.0
2022_01_IND_HOU,2022,1,4242335,0.5757046514966699,95.0,1,1,1,3,3,0.6666666666666666,0.6666666666666666
2022_01_JAX_WAS,2022,1,4052042,0.34572282504186236,77.2,1,1,1,4,1,0.25,0.25
2022_01_KC_ARI,2022,1,15847,0.5793462106612406,50.1,1,1,1,7,5,0.2857142857142857,0.42857142857142855
2022_01_LV_LAC,2022,1,3068267,0.6051632876967528,84.0,0,0,0,5,4,0.0,0.0
2022_01_NE_MIA,2022,1,3925347,0.5965196673983262,89.2,0,0,0,2,2,0.0,0.0
2022_01_NO_ATL,2022,1,3054850,0.4669854677185534,65.9,0,1,0,4,3,0.25,0.25
2022_01_NYG_TEN,2022,1,3043078,0.4549663216537847,80.9,0,0,0,4,3,0.0,0.25
2022_01_PHI_DET,2022,1,4259545,0.4859821082721363,56.7,1,1,1,8,8,0.25,0.375
2022_01_PIT_CIN,2022,1,4362628,0.5122826087875447,61.4,1,1,0,3,3,0.3333333333333333,0.3333333333333333
2022_01_SF_CHI,2022,1,3126486,0.4018303043119059,68.3,1,1,0,4,4,0.25,0.25
2022_01_TB_DAL,2022,1,3115364,0.7309902636848727,100.0,0,0,0,1,1,0.0,0.0
2022_01_DEN_SEA,2022,1,2576434,0.5340697600031964,56.7,0,0,0,3,3,0.0,0.0
2022_02_LAC_KC,2022,2,15847,0.6334078765591526,50.0,0,0,0,5,4,0.0,0.0
2022_02_ARI_LV,2022,2,16800,0.5338646804199982,63.0,1,1,0,5,5,0.2,0.2
2022_02_ATL_LA,2022,2,15807,0.5105031104008804,95.7,0,0,0,5,2,0.0,0.2
2022_02_CAR_NYG,2022,2,3929630,0.4129008239293711,57.2,0,0,0,2,1,0.0,0.0
2022_02_CHI_GB,2022,2,4040655,0.4391628983490564,55.2,0,0,0,3,3,0.0,0.3333333333333333
2022_02_CIN_DAL,2022,2,3117256,0.3979730436277529,47.0,0,0,0,3,3,0.0,0.0
2022_02_HOU_DEN,2022,2,2576434,0.4625264264030323,65.4,0,0,0,1,0,0.0,0.0
2022_02_IND_JAX,2022,2,4242335,0.5440543408148004,100.0,0,1,0,2,2,0.5,1.0
2022_02_MIA_BAL,2022,2,3116365,0.289444605025583,43.7,1,1,0,8,7,0.25,0.25
2022_02_NE_PIT,2022,2,3932905,0.4188181815485853,55.7,0,1,0,3,3,0.3333333333333333,0.6666666666666666
2022_02_NYJ_CLE,2022,2,2976499,0.44670918287636596,51.0,1,1,1,5,5,0.2,0.4
2022_02_SEA_SF,2022,2,3126486,0.46048120265975245,64.0,0,0,0,3,2,0.0,0.0
2022_02_TB_NO,2022,2,3115364,0.593928712811852,100.0,0,0,0,2,2,0.0,0.5
2022_02_WAS_DET,2022,2,4259545,0.4716796765437111,66.6,1,1,1,7,3,0.14285714285714285,0.14285714285714285
2022_02_MIN_PHI,2022,2,4262921,0.5124270470255783,65.5,0,0,0,3,3,0.0,0.0
2022_02_TEN_BUF,2022,2,2976212,0.5000244532167092,51.6,1,1,1,3,2,0.3333333333333333,0.6666666666666666
2022_03_PIT_CLE,2022,3,2976499,0.5208197975912046,53.8,1,1,1,5,5,0.4,0.4
2022_03_ATL_SEA,2022,3,15807,0.4450944266421215,73.1,1,1,1,5,5,0.2,0.4
2022_03_BAL_NE,2022,3,3116365,0.4870061239828136,69.1,1,1,1,7,6,0.14285714285714285,0.14285714285714285
2022_03_BUF_MIA,2022,3,4243537,0.5095028616297703,47.4,0,0,1,4,4,0.0,0.25
2022_03_CIN_NYJ,2022,3,4362628,0.40472519450173994,46.7,1,1,0,3,3,0.3333333333333333,0.3333333333333333
2022_03_DET_MIN,2022,3,4259545,0.445075721781919,63.0,0,0,1,6,6,0.0,0.16666666666666666
2022_03_GB_TB,2022,3,3115364,0.48301595216316373,94.6,0,0,0,3,3,0.0,0.0
2022_03_HOU_CHI,2022,3,4036416,0.3842050448958698,38.2,0,0,0,3,3,0.0,0.0
2022_03_JAX_LAC,2022,3,3068267,0.4446714718129523,79.1,0,1,0,5,5,0.2,0.4
2022_03_KC_IND,2022,3,15847,0.5635093853680355,69.6,1,1,0,3,2,0.3333333333333333,0.6666666666666666
2022_03_LA_ARI,2022,3,3045147,0.45411714737459496,82.9,0,0,0,2,0,0.0,0.0
2022_03_LV_TEN,2022,3,16800,0.4944836241478092,57.1,1,1,1,5,5,0.4,0.4
2022_03_NO_CAR,2022,3,3054850,0.33632022849534204,63.0,0,0,0,3,3,0.0,0.0
2022_03_PHI_WAS,2022,3,4040715,0.4009078110574533,54.6,0,0,0,4,3,0.0,0.25
2022_03_SF_DEN,2022,3,3126486,0.36945219598443546,74.4,0,1,0,2,2,0.5,0.5
2022_03_DAL_NYG,2022,3,3051392,0.43448890373171767,54.0,1,1,1,3,3,0.6666666666666666,1.0
2022_04_MIA_CIN,2022,4,4362628,0.4447108464187909,67.5,0,0,1,4,4,0.0,0.0
2022_04_ARI_CAR,2022,4,3045147,0.44611380521935795,89.3,0,1,1,3,3,0.3333333333333333,0.3333333333333333
2022_04_BUF_BAL,2022,4,4243537,0.5042773804589287,44.8,0,0,0,3,3,0.0,0.0
2022_04_CHI_NYG,2022,4,3127306,0.31100198472317486,32.0,0,0,0,1,1,0.0,0.0
2022_04_CLE_ATL,2022,4,15807,0.4767208548212991,61.2,1,1,1,4,3,0.5,0.5
2022_04_DEN_LV,2022,4,2576434,0.4595187423172141,54.1,0,0,1,4,4,0.0,0.0
2022_04_JAX_PHI,2022,4,4052042,0.44728864627854326,74.5,0,0,0,4,4,0.0,0.25
2022_04_KC_TB,2022,4,15847,0.4360535277606793,48.3,1,1,1,7,6,0.2857142857142857,0.42857142857142855
2022_04_LAC_HOU,2022,4,3068267,0.48226397977186275,69.3,1,1,1,5,5,0.4,0.6
2022_04_MIN_NO,2022,4,3116593,0.3144275135275544,55.7,0,1,0,5,5,0.2,0.4
2022_04_NE_GB,2022,4,3042519,0.43394538867614485,56.0,0,1,0,5,5,0.2,0.2
2022_04_NYJ_PIT,2022,4,4241457,0.45813225467287544,83.5,0,0,0,4,3,0.0,0.0
2022_04_SEA_DET,2022,4,2980453,0.6058522080709001,80.5,1,1,1,8,8,0.25,0.25
2022_04_TEN_IND,2022,4,3043078,0.458551647619276,81.9,1,1,0,4,4,0.25,0.25
2022_04_WAS_DAL,2022,4,3051392,0.42173476078169514,59.6,0,1,0,3,2,0.3333333333333333,0.3333333333333333
2022_04_LA_SF,2022,4,3126486,0.381743013741761,91.4,1,1,1,2,2,0.5,0.5
2022_05_IND_DEN,2022,5,2576434,0.4258965346230581,92.4,0,0,0,0,0,,
2022_05_ATL_TB,2022,5,3115364,0.4719057478745856,75.2,1,1,1,3,3,0.3333333333333333,0.3333333333333333
2022_05_CHI_MIN,2022,5,3116593,0.4813002070458836,72.7,1,1,1,5,3,0.4,0.4
2022_05_CIN_BAL,2022,5,4362628,0.528085167255726,53.9,0,0,0,3,3,0.0,0.3333333333333333
2022_05_DAL_LA,2022,5,3051392,0.36578667040978075,60.1,0,0,0,2,1,0.0,0.0
2022_05_DET_NE,2022,5,3925347,0.7442292635801914,81.7,0,0,0,1,1,0.0,0.0
2022_05_HOU_JAX,2022,5,4360238,0.5377471361932501,62.3,1,1,1,1,1,1.0,1.0
2022_05_LAC_CLE,2022,5,3068267,0.6155313742781328,82.9,1,1,1,5,5,0.4,0.6
2022_05_MIA_NYJ,2022,5,3116406,0.3641401230033181,48.6,0,0,1,6,6,0.0,0.16666666666666666
2022_05_NYG_GB,2022,5,3929630,0.34576569765510967,70.9,1,1,1,5,4,0.2,0.2
2022_05_PHI_ARI,2022,5,3045147,0.41013801627077084,69.3,0,1,0,3,3,0.3333333333333333,0.3333333333333333
2022_05_PIT_BUF,2022,5,4243537,0.595455130086898,42.0,1,1,0,4,4,0.5,0.5
2022_05_SEA_NO,2022,5,3054850,0.4981030731744641,65.6,0,1,0,6,6,0.16666666666666666,0.16666666666666666
2022_05_SF_CAR,2022,5,3126486,0.442395712046183,87.0,1,1,1,4,4,0.5,0.75
2022_05_TEN_WAS,2022,5,3043078,0.365154084049752,60.4,1,1,1,3,2,0.3333333333333333,0.6666666666666666
2022_05_LV_KC,2022,5,4242214,0.5575245369236367,50.0,0,1,1,3,3,0.3333333333333333,0.6666666666666666
2022_06_WAS_CHI,2022,6,4035538,0.3489044954252789,66.3,0,1,0,2,1,0.5,0.5
2022_06_ARI_SEA,2022,6,3917315,0.5902764737573081,59.7,0,0,0,1,1,0.0,0.0
2022_06_BAL_NYG,2022,6,3929630,0.5108489467667239,78.8,1,1,1,5,4,0.4,0.4
2022_06_BUF_KC,2022,6,4243537,0.5161658234799161,45.8,1,1,0,5,5,0.4,0.4
2022_06_CAR_LA,2022,6,3117251,0.36665705870047494,97.4,0,0,0,3,0,0.0,0.0
2022_06_CIN_NO,2022,6,3116385,0.43416805754834575,61.9,1,1,0,5,4,0.4,0.4
2022_06_DAL_PHI,2022,6,3051392,0.4000254978566634,78.3,1,1,1,5,5,0.2,0.2
2022_06_JAX_IND,2022,6,3895856,0.28412719070886094,42.7,1,1,0,7,7,0.14285714285714285,0.2857142857142857
2022_06_MIN_MIA,2022,6,3116593,0.7055212937917437,99.1,1,1,1,4,4,0.25,0.25
2022_06_NE_CLE,2022,6,4569173,0.7106414569864861,98.3,1,1,0,4,4,0.25,0.5
2022_06_NYJ_GB,2022,6,4427366,0.5323865008576302,68.9,1,1,1,3,3,0.3333333333333333,0.3333333333333333
2022_06_SF_ATL,2022,6,3126486,0.511047986165347,73.0,0,0,0,4,4,0.0,0.25
2022_06_TB_PIT,2022,6,3115364,0.510778050308468,57.7,1,1,1,3,3,0.3333333333333333,0.6666666666666666
2022_06_DEN_LAC,2022,6,3068267,0.5014408764073626,86.5,1,1,1,2,1,0.5,0.5
2022_07_NO_ARI,2022,7,2468609,0.4140341659283445,44.8,1,1,0,6,6,0.16666666666666666,0.16666666666666666
2022_07_ATL_CIN,2022,7,3116385,0.45106087511546544,63.7,1,1,1,6,6,0.3333333333333333,0.3333333333333333
2022_07_CLE_BAL,2022,7,3128720,0.5210853346590831,77.4,1,1,1,3,2,0.3333333333333333,0.3333333333333333
2022_07_DET_DAL,2022,7,3051392,0.5053895085010593,84.0,1,1,1,2,2,0.5,0.5
2022_07_GB_WAS,2022,7,3128390,0.42813052311608324,57.9,0,1,1,3,1,0.3333333333333333,0.3333333333333333
2022_07_HOU_LV,2022,7,4047365,0.5438931697380489,80.1,1,1,1,4,4,0.25,0.25
2022_07_IND_TEN,2022,7,3043078,0.5784585109745217,100.0,0,0,0,1,1,0.0,0.0
2022_07_KC_SF,2022,7,3126486,0.43040237766555156,48.4,0,0,0,6,5,0.0,0.0
2022_07_NYG_JAX,2022,7,3929630,0.5565443035599578,92.3,0,1,0,4,4,0.25,0.25
2022_07_NYJ_DEN,2022,7,4427366,0.38625890519963335,79.2,1,1,1,2,2,1.0,1.0
2022_07_PIT_MIA,2022,7,3116406,0.520335207872526,70.7,0,0,0,2,2,0.0,0.0
2022_07_SEA_LAC,2022,7,3068267,0.7186719123031442,99.4,1,1,1,4,4,0.5,0.5
2022_07_TB_CAR,2022,7,3115364,0.45242432799720145,88.1,0,0,0,3,3,0.0,0.3333333333333333
2022_07_CHI_NE,2022,7,3925347,0.5314891712007985,66.6,0,1,1,5,5,0.2,0.2
2022_08_BAL_TB,2022,8,3051926,0.444259658480449,34.4,0,1,1,5,5,0.2,0.2
2022_08_ARI_MIN,2022,8,3116593,0.44792829644364573,70.5,1,1,1,7,7,0.14285714285714285,0.14285714285714285
2022_08_CAR_ATL,2022,8,3915416,0.42231706739719743,50.4,1,1,1,5,5,0.4,0.4
2022_08_CHI_DAL,2022,8,3916148,0.5361845884940877,89.2,1,1,0,8,8,0.25,0.375
2022_08_DEN_JAX,2022,8,4239996,0.35706710158512955,49.2,1,1,1,5,5,0.4,0.4
2022_08_GB_BUF,2022,8,3042519,0.3887372786433788,68.1,0,0,0,5,4,0.0,0.0
2022_08_LV_NO,2022,8,4047365,0.7378576133692716,100.0,0,1,1,1,1,1.0,1.0
2022_08_MIA_DET,2022,8,2980453,0.40982247848121833,65.6,1,1,1,5,5,0.4,0.4
2022_08_NE_NYJ,2022,8,3925347,0.4635671080069772,52.2,0,0,0,2,2,0.0,0.0
2022_08_NYG_SEA,2022,8,3929630,0.5673200033396701,55.4,1,1,1,4,4,0.5,0.5
2022_08_PIT_PHI,2022,8,4047646,0.3308761753495234,52.0,1,1,1,4,3,0.25,0.25
2022_08_SF_LA,2022,8,3117251,0.2789840748610153,63.1,1,1,1,5,3,0.4,0.6
2022_08_TEN_HOU,2022,8,3043078,0.6502624077862083,100.0,1,1,1,2,2,0.5,0.5
2022_08_WAS_IND,2022,8,4242335,0.31599451214341223,56.1,0,0,0,3,1,0.0,0.0
2022_08_CIN_CLE,2022,8,3116385,0.6958336858952393,100.0,0,1,0,5,5,0.2,0.2
2022_09_PHI_HOU,2022,9,4040715,0.5019644842372362,65.1,0,0,0,6,5,0.0,0.0
2022_09_BUF_NYJ,2022,9,4243537,0.34974597222594606,43.8,0,0,0,3,3,0.0,0.0
2022_09_CAR_CIN,2022,9,3125116,0.5073316309776923,64.3,0,1,1,5,5,0.2,0.2
2022_09_GB_DET,2022,9,2980453,0.4543942520871882,67.2,0,0,0,3,2,0.0,0.3333333333333333
2022_09_IND_NE,2022,9,4569173,0.3778554402889085,82.6,1,1,1,1,1,1.0,1.0
2022_09_LAC_ATL,2022,9,3068267,0.7881493701426675,100.0,1,1,1,2,2,1.0,1.0
2022_09_LA_TB,2022,9,16737,0.3295985347843996,54.1,0,0,0,2,1,0.0,0.0
2022_09_LV_JAX,2022,9,4047365,0.6633811594187337,97.6,0,1,0,3,3,0.3333333333333333,0.6666666666666666
2022_09_MIA_CHI,2022,9,4035538,0.46083896199219876,67.1,0,1,0,7,7,0.14285714285714285,0.14285714285714285
2022_09_MIN_WAS,2022,9,3116593,0.49420346460583153,93.5,1,1,1,4,2,0.25,0.5
2022_09_SEA_ARI,2022,9,4567048,0.6000996590785608,83.5,1,1,1,4,4,0.5,0.5
2022_09_TEN_KC,2022,9,15847,0.4852894571970041,67.0,0,1,1,3,3,0.3333333333333333,0.3333333333333333
2022_09_BAL_NO,2022,9,3054850,0.5108575684910948,59.7,0,0,0,3,3,0.0,0.3333333333333333
2022_10_ATL_CAR,2022,10,15807,0.5460676692562683,59.2,0,1,0,4,4,0.25,0.25
2022_10_ARI_LA,2022,10,15795,0.41891135743133245,58.1,0,1,1,4,2,0.25,0.25
2022_10_CLE_MIA,2022,10,3128720,0.6071768930405088,89.2,1,1,1,7,7,0.14285714285714285,0.2857142857142857
2022_10_DAL_GB,2022,10,3916148,0.46912651022685103,66.9,1,1,1,5,5,0.2,0.2
2022_10_DEN_TEN,2022,10,3043078,0.521508412066606,100.0,0,0,0,2,1,0.0,0.0
2022_10_DET_CHI,2022,10,2980453,0.528440427737678,79.1,1,1,1,5,5,0.4,0.4
2022_10_HOU_NYG,2022,10,3929630,0.6145863176401944,87.9,1,1,1,4,3,0.25,0.25
2022_10_IND_LV,2022,10,4242335,0.41190014737156677,58.8,1,1,1,6,6,0.3333333333333333,0.5
2022_10_JAX_KC,2022,10,4239996,0.5121728958293399,58.1,0,1,0,5,5,0.2,0.2
2022_10_LAC_SF,2022,10,3068267,0.6147777654897313,87.5,0,0,0,3,3,0.0,0.3333333333333333
2022_10_MIN_BUF,2022,10,3116593,0.4456175255967064,76.5,1,1,1,5,4,0.4,0.4
2022_10_NO_PIT,2022,10,3054850,0.5015622974942004,81.0,0,1,0,3,3,0.3333333333333333,0.3333333333333333
2022_10_SEA_TB,2022,10,4567048,0.5586000469577164,93.4,0,0,0,5,5,0.0,0.2
2022_10_WAS_PHI,2022,10,4047646,0.4518770749979919,73.6,0,1,0,5,3,0.2,0.4
2022_11_TEN_GB,2022,11,3043078,0.4930623015210809,82.4,1,1,1,4,4,0.25,0.25
2022_11_CAR_BAL,2022,11,2979843,0.515471668886031,65.7,0,0,0,1,1,0.0,0.0
2022_11_CHI_ATL,2022,11,4362887,0.5534452940298953,55.5,1,1,1,5,5,0.2,0.4
2022_11_CIN_PIT,2022,11,3116385,0.5645156556362569,92.3,0,0,0,4,4,0.0,0.0
2022_11_CLE_BUF,2022,11,3128720,0.5621459869936403,62.8,0,1,0,4,4,0.25,0.25
2022_11_DAL_MIN,2022,11,3116593,0.5178532111328273,71.8,0,1,0,2,2,0.5,0.5
2022_11_DET_NYG,2022,11,3929630,0.5826187000686067,92.8,0,1,0,5,5,0.2,0.4
2022_11_KC_LAC,2022,11,3068267,0.5395626382045957,71.9,1,1,1,3,3,0.6666666666666666,0.6666666666666666
2022_11_LA_NO,2022,11,3054850,0.34563611399988936,74.6,0,0,0,5,3,0.0,0.2
2022_11_LV_DEN,2022,11,4047365,0.4548083079800729,69.8,0,1,0,2,2,0.5,1.0
2022_11_NYJ_NE,2022,11,3925347,0.3557397513674221,50.5,0,0,0,0,0,,
2022_11_PHI_IND,2022,11,4047646,0.44420464332151166,66.5,0,0,1,3,3,0.0,0.3333333333333333
2022_11_WAS_HOU,2022,11,4360238,0.3065091081608039,68.8,0,0,0,2,0,0.0,0.0
2022_11_SF_ARI,2022,11,3045147,0.4609211366139193,65.2,1,1,0,4,4,0.5,0.5
2022_12_BUF_DET,2022,12,2980453,0.5280288320962296,54.2,1,1,1,6,6,0.16666666666666666,0.16666666666666666
2022_12_NE_MIN,2022,12,4569173,0.35822748166832086,59.6,0,0,0,5,5,0.0,0.0
2022_12_NYG_DAL,2022,12,3051392,0.662519256528072,73.8,1,1,1,5,5,0.2,0.4
2022_12_ATL_WAS,2022,12,15807,0.3805863724665648,54.3,0,0,0,3,0,0.0,0.0
2022_12_BAL_JAX,2022,12,3051926,0.39687753636549816,38.5,1,1,0,5,5,0.2,0.2
2022_12_CHI_NYJ,2022,12,4035538,0.5401841790000694,65.7,0,0,0,4,4,0.0,0.25
2022_12_CIN_TEN,2022,12,3043078,0.6258134980610514,94.3,0,1,0,2,2,0.5,0.5
2022_12_DEN_CAR,2022,12,15920,0.5015277787981303,94.5,0,0,0,3,3,0.0,0.3333333333333333
2022_12_GB_PHI,2022,12,4047646,0.57942730782807,62.4,1,1,1,8,8,0.125,0.125
2022_12_HOU_MIA,2022,12,3122976,0.4454671455052984,64.7,1,1,0,4,4,0.25,0.25
2022_12_LAC_ARI,2022,12,3068267,0.663629064803829,86.7,1,1,1,6,6,0.3333333333333333,0.3333333333333333
2022_12_LA_KC,2022,12,15847,0.6414545314683215,88.7,1,1,1,3,2,0.3333333333333333,0.3333333333333333
2022_12_LV_SEA,2022,12,4567048,0.5848355474502549,73.1,1,1,1,7,7,0.2857142857142857,0.2857142857142857
2022_12_NO_SF,2022,12,3126486,0.37949001883830513,58.7,0,0,0,1,1,0.0,0.0
2022_12_TB_CLE,2022,12,16737,0.4233773359041565,49.7,0,0,1,5,4,0.0,0.0
2022_12_PIT_IND,2022,12,4242335,0.38393870784884443,55.1,1,1,1,4,4,0.5,0.5
2022_13_BUF_NE,2022,13,4569173,0.3617239525803596,61.8,0,1,0,4,3,0.25,0.5
2022_13_CLE_HOU,2022,13,3128720,0.6034378314889557,90.1,0,0,0,1,1,0.0,0.0
2022_13_DEN_BAL,2022,13,3051926,0.3175819337201444,50.5,0,0,0,1,1,0.0,0.0
2022_13_GB_CHI,2022,13,4362887,0.5000216009261393,57.0,1,1,0,4,4,0.25,0.5
2022_13_IND_DAL,2022,13,3051392,0.5383490004131541,73.9,1,1,0,7,7,0.2857142857142857,0.2857142857142857
2022_13_JAX_DET,2022,13,2980453,0.5222999568404821,64.9,1,1,1,4,4,0.25,0.25
2022_13_KC_CIN,2022,13,15847,0.4169575895638664,49.3,0,1,1,6,6,0.16666666666666666,0.16666666666666666
2022_13_LAC_LV,2022,13,4047365,0.6756409442389375,57.8,1,1,1,3,3,0.3333333333333333,0.6666666666666666
2022_13_MIA_SF,2022,13,3126486,0.45377466419984114,58.8,0,1,1,4,4,0.25,0.25
2022_13_NYJ_MIN,2022,13,3116593,0.33172429317405094,55.7,1,1,1,4,3,0.25,0.25
2022_13_PIT_ATL,2022,13,4241457,0.4253128466843683,70.3,0,0,0,2,2,0.0,0.0
2022_13_SEA_LA,2022,13,4567048,0.541489860145852,86.3,0,1,0,4,3,0.25,0.5
2022_13_TEN_PHI,2022,13,4047646,0.43279186252032764,56.9,1,1,0,5,5,0.2,0.4
2022_13_WAS_NYG,2022,13,3929630,0.4088305515510272,100.0,1,1,1,4,2,0.25,0.25
2022_13_NO_TB,2022,13,3054850,0.3404801346625508,65.9,0,0,0,3,3,0.0,0.0
2022_14_LV_LA,2022,14,16800,0.6170018664220344,77.3,0,1,1,3,1,0.3333333333333333,0.3333333333333333
2022_14_BAL_PIT,2022,14,3116365,0.2703238602390464,55.6,0,0,1,3,3,0.0,0.3333333333333333
2022_14_CAR_SEA,2022,14,4047650,0.37625150309925715,49.7,1,1,0,6,6,0.16666666666666666,0.3333333333333333
2022_14_CLE_CIN,2022,14,4362628,0.49065304915854924,49.0,1,1,0,4,4,0.25,0.25
2022_14_HOU_DAL,2022,14,3051392,0.5657646523570883,71.1,1,1,1,4,4,0.5,0.5
2022_14_JAX_TEN,2022,14,3043078,0.42527259956122476,55.9,1,1,1,6,6,0.16666666666666666,0.16666666666666666
2022_14_KC_DEN,2022,14,4361529,0.4273059443326961,54.7,0,0,0,4,4,0.0,0.0
2022_14_MIA_LAC,2022,14,3068267,0.5061258983880806,69.6,1,1,1,3,3,0.6666666666666666,0.6666666666666666
2022_14_MIN_DET,2022,14,2980453,0.5481162223202692,63.4,0,1,1,7,6,0.14285714285714285,0.14285714285714285
2022_14_NYJ_BUF,2022,14,4040761,0.39968092145506007,82.1,0,1,1,3,3,0.3333333333333333,0.6666666666666666
2022_14_PHI_NYG,2022,14,4040715,0.49837594553266573,70.7,1,1,0,8,8,0.25,0.375
2022_14_TB_SF,2022,14,3126486,0.36591215568365354,56.2,1,1,1,5,5,0.4,0.6
2022_14_NE_ARI,2022,14,3045147,0.3916364875263859,60.4,1,1,0,3,2,0.3333333333333333,0.3333333333333333
2022_15_SF_SEA,2022,15,3117251,0.6517576855541986,100.0,1,1,1,3,3,0.3333333333333333,0.3333333333333333
2022_15_BAL_CLE,2022,15,3051926,0.31594285934451605,59.6,0,0,0,1,1,0.0,0.0
2022_15_IND_MIN,2022,15,3116593,0.6718640359725165,98.1,1,1,0,6,5,0.16666666666666666,0.3333333333333333
2022_15_MIA_BUF,2022,15,4040761,0.3643902170945953,58.5,0,1,0,7,7,0.14285714285714285,0.14285714285714285
2022_15_ARI_DEN,2022,15,3045147,0.4596657506117682,69.8,1,1,1,4,4,0.5,0.5
2022_15_ATL_NO,2022,15,15807,0.27622005435075636,63.5,1,1,0,4,4,0.25,0.25
2022_15_CIN_TB,2022,15,3116385,0.5450020292646516,73.0,0,1,0,6,6,0.16666666666666666,0.16666666666666666
2022_15_DAL_JAX,2022,15,3051392,0.6515263854519577,68.0,1,1,1,5,5,0.2,0.2
2022_15_DET_NYJ,2022,15,2980453,0.5268918571473491,84.5,0,0,0,2,2,0.0,0.0
2022_15_KC_HOU,2022,15,15847,0.33642088476865406,46.9,0,0,0,6,6,0.0,0.0
2022_15_NE_LV,2022,15,4047365,0.49464956888840084,90.6,0,0,0,4,4,0.0,0.25
2022_15_NYG_WAS,2022,15,3929630,0.40368145202223793,91.3,1,1,1,2,1,0.5,0.5
2022_15_PHI_CHI,2022,15,4040715,0.6868225376200288,58.4,1,1,1,3,3,0.3333333333333333,0.3333333333333333
2022_15_PIT_CAR,2022,15,4241457,0.4124443723854655,82.9,1,1,0,4,4,0.25,0.25
2022_15_TEN_LAC,2022,15,3068267,0.5796267681640477,96.5,1,1,1,4,4,0.5,0.5
2022_15_LA_GB,2022,15,4248528,0.3703957634442917,40.2,0,1,1,3,2,0.3333333333333333,0.3333333333333333
2022_16_JAX_NYJ,2022,16,3895856,0.330099234223163,45.6,0,0,0,1,1,0.0,0.0
2022_16_ATL_BAL,2022,16,15807,0.289691562400719,68.6,0,0,0,1,1,0.0,0.0
2022_16_BUF_CHI,2022,16,4040761,0.45376329799135884,69.0,1,1,0,6,6,0.3333333333333333,0.3333333333333333
2022_16_CIN_NE,2022,16,4362628,0.5483172522150329,82.9,0,0,0,4,4,0.0,0.25
2022_16_DET_CAR,2022,16,2980453,0.508645365080128,79.4,0,0,1,5,5,0.0,0.0
2022_16_HOU_TEN,2022,16,3043078,0.6458250692318169,100.0,1,1,1,3,3,0.3333333333333333,0.3333333333333333
2022_16_LV_PIT,2022,16,4241457,0.44793582537948473,75.1,0,0,0,2,2,0.0,0.0
2022_16_NO_CLE,2022,16,3929645,0.4193135868399207,54.7,0,0,0,3,3,0.0,0.3333333333333333
2022_16_NYG_MIN,2022,16,3116593,0.5812993558335855,95.3,0,1,1,4,4,0.25,0.5
2022_16_PHI_DAL,2022,16,4045163,0.5629136102105528,61.8,0,1,0,5,4,0.2,0.2
2022_16_SEA_KC,2022,16,4047650,0.5813597046246777,68.3,0,0,0,4,4,0.0,0.25
2022_16_WAS_SF,2022,16,3117251,0.5090853962551698,100.0,1,1,1,6,3,0.16666666666666666,0.16666666666666666
2022_16_DEN_LA,2022,16,15920,0.46638676301652204,88.0,0,0,0,3,1,0.0,0.0
2022_16_GB_MIA,2022,16,3042519,0.42081636429138836,58.1,0,0,0,4,3,0.0,0.0
2022_16_TB_ARI,2022,16,3045147,0.6049083284498569,99.7,1,1,1,2,2,0.5,0.5
2022_16_LAC_IND,2022,16,3068267,0.7315886656778458,100.0,1,1,1,1,1,1.0,1.0
2022_17_DAL_TEN,2022,17,3051392,0.5704364400408621,94.5,1,1,1,3,3,0.3333333333333333,0.3333333333333333
2022_17_ARI_ATL,2022,17,3045147,0.46436334038037674,79.2,0,1,0,3,3,0.3333333333333333,0.6666666666666666
2022_17_CAR_TB,2022,17,16737,0.3785421552058269,46.4,1,1,0,5,5,0.2,0.4
2022_17_CHI_DET,2022,17,2980453,0.5685066961702069,76.9,1,1,0,4,4,0.5,0.5
2022_17_CLE_WAS,2022,17,3128720,0.35082204599366595,83.7,0,1,0,3,2,0.3333333333333333,0.3333333333333333
2022_17_DEN_KC,2022,17,4241463,0.3719076934263278,54.5,0,0,0,5,5,0.0,0.0
2022_17_IND_NYG,2022,17,3929630,0.5718864086279589,95.5,0,1,0,4,4,0.25,0.5
2022_17_JAX_HOU,2022,17,4239996,0.3593772126526741,80.9,1,1,1,3,3,0.3333333333333333,0.3333333333333333
2022_17_LA_LAC,2022,17,3068267,0.5083809485668156,100.0,1,1,1,4,3,0.25,0.25
2022_17_MIA_NE,2022,17,3116406,0.4731375079499188,70.8,1,1,0,5,5,0.2,0.2
2022_17_MIN_GB,2022,17,3116593,0.4924747930890684,73.3,0,0,0,5,4,0.0,0.2
2022_17_NO_PHI,2022,17,4045163,0.4926447509781088,77.5,0,0,0,2,2,0.0,0.0
2022_17_NYJ_SEA,2022,17,4567048,0.28320756969873995,56.2,0,0,0,2,1,0.0,0.0
2022_17_PIT_BAL,2022,17,4241457,0.2708369731344993,87.4,1,1,1,2,2,0.5,0.5
2022_17_SF_LV,2022,17,3117251,0.44594904595898865,93.6,1,1,1,7,7,0.2857142857142857,0.42857142857142855
2022_18_KC_LV,2022,18,4047365,0.5042634542701944,62.0,0,0,0,5,5,0.0,0.0
2022_18_TEN_JAX,2022,18,4239996,0.4118708095531347,58.6,0,0,0,2,2,0.0,0.0
2022_18_ARI_SF,2022,18,3117251,0.47888503976996555,68.9,1,1,1,5,5,0.2,0.4
2022_18_BAL_CIN,2022,18,4362628,0.3644969746241603,78.5,1,1,1,3,3,0.3333333333333333,0.6666666666666666
2022_18_CAR_NO,2022,18,2468609,0.3745983543605751,65.5,0,0,0,1,1,0.0,0.0
2022_18_CLE_PIT,2022,18,4241457,0.33371529717525883,57.1,1,1,1,5,4,0.2,0.4
2022_18_DAL_WAS,2022,18,3051392,0.4349008502837277,63.2,0,0,0,3,1,0.0,0.3333333333333333
2022_18_DET_GB,2022,18,4239934,0.4840390913795579,65.6,0,0,0,2,2,0.0,0.5
2022_18_HOU_IND,2022,18,4035676,0.29968623600005195,50.0,1,1,0,5,5,0.2,0.4
2022_18_LAC_DEN,2022,18,3068267,0.542219230025804,91.3,0,1,0,6,5,0.16666666666666666,0.16666666666666666
2022_18_LA_SEA,2022,18,4047650,0.4100628233839092,50.2,0,1,0,2,1,0.5,0.5
2022_18_MIN_CHI,2022,18,3116593,0.4869423759745224,71.7,0,0,0,4,4,0.0,0.0
2022_18_NE_BUF,2022,18,4243537,0.4772977784749799,51.5,0,1,0,5,4,0.2,0.4
2022_18_NYG_PHI,2022,18,3049916,0.5082187623349594,54.6,0,0,0,3,3,0.0,0.0
2022_18_NYJ_MIA,2022,18,3116406,0.3575862833626836,50.1,0,0,0,0,0,,
2022_18_TB_ATL,2022,18,15807,0.3825816624783269,82.0,1,1,0,5,5,0.2,0.2
2022_19_LAC_JAX,2022,19,3068267,0.47861702919857274,80.6,1,1,1,6,6,0.16666666666666666,0.3333333333333333
2022_19_SEA_SF,2022,19,3117251,0.39153681482999114,69.9,1,1,1,6,6,0.3333333333333333,0.5
2022_19_BAL_CIN,2022,19,4362628,0.38338348445306913,63.7,1,1,0,4,4,0.25,0.25
2022_19_MIA_BUF,2022,19,4243537,0.4258102605673635,56.1,1,1,1,6,6,0.16666666666666666,0.16666666666666666
2022_19_NYG_MIN,2022,19,3929630,0.48313066667064497,73.7,1,1,1,6,6,0.16666666666666666,0.16666666666666666
2022_19_DAL_TB,2022,19,3051392,0.4118665129939012,53.1,0,1,0,6,6,0.16666666666666666,0.16666666666666666
2022_20_JAX_KC,2022,20,4361529,0.473503911556042,66.8,0,1,1,4,4,0.25,0.5
2022_20_NYG_PHI,2022,20,3929630,0.42893335176725667,69.2,0,1,0,6,6,0.16666666666666666,0.16666666666666666
2022_20_CIN_BUF,2022,20,4243537,0.44953535587002347,47.8,0,1,1,4,4,0.25,0.5
2022_20_DAL_SF,2022,20,3117256,0.4279967962997413,43.1,1,1,1,2,2,0.5,0.5
2022_21_CIN_KC,2022,21,15847,0.4139425424376143,45.2,1,1,0,4,4,0.25,0.25
2022_21_SF_PHI,2022,21,3117251,0.5352583980008553,69.1,1,1,1,4,4,0.25,0.25
2022_22_KC_PHI,2022,22,4040715,0.4450469860413223,63.7,1,1,0,6,6,0.3333333333333333,0.5
2023_01_DET_KC,2023,1,4035538,0.7501085922924766,94.3,1,1,1,4,3,0.5,0.5
2023_01_ARI_WAS,2023,1,3045147,0.5051373230186078,100.0,0,0,0,2,0,0.0,0.0
2023_01_CAR_ATL,2023,1,4373626,0.4885946286871199,76.4,1,1,1,3,2,0.3333333333333333,0.3333333333333333
2023_01_CIN_CLE,2023,1,3116385,0.4728879161784072,91.3,0,0,0,2,2,0.0,0.0
2023_01_DAL_NYG,2023,1,3916148,0.5601092354759243,72.1,1,1,0,2,1,0.5,0.5
2023_01_GB_CHI,2023,1,3042519,0.6470252181373942,52.8,1,1,1,4,3,0.25,0.5
2023_01_HOU_BAL,2023,1,4241985,0.31735322170097036,55.3,1,1,0,2,2,0.5,0.5
2023_01_JAX_IND,2023,1,3895856,0.45197091545790513,52.3,0,1,1,6,4,0.16666666666666666,0.3333333333333333
2023_01_LA_SEA,2023,1,4047650,0.44232656325145836,58.4,1,1,0,3,1,0.3333333333333333,0.3333333333333333
2023_01_LV_DEN,2023,1,16800,0.5650436210057801,57.7,0,0,0,3,3,0.0,0.0
2023_01_MIA_LAC,2023,1,3068267,0.5879844437196426,88.8,1,1,1,7,7,0.2857142857142857,0.42857142857142855
2023_01_PHI_NE,2023,1,4047646,0.36675689152913826,43.9,0,0,0,3,3,0.0,0.3333333333333333
2023_01_SF_PIT,2023,1,4241457,0.5525977831710907,100.0,0,0,0,3,3,0.0,0.0
2023_01_TB_MIN,2023,1,4262921,0.5720785439137263,51.0,0,1,0,4,2,0.25,0.25
2023_01_TEN_NO,2023,1,3043078,0.3208021168360593,62.0,0,0,0,1,1,0.0,0.0
2023_01_BUF_NYJ,2023,1,4243537,0.2801399305503498,52.6,0,0,0,2,2,0.0,0.5
2023_02_MIN_PHI,2023,2,4040715,0.45406962483924407,54.7,1,1,0,6,6,0.16666666666666666,0.16666666666666666
2023_02_BAL_CIN,2023,2,3116385,0.2879052128875521,62.8,0,1,0,4,4,0.25,0.25
2023_02_CHI_TB,2023,2,16737,0.5679315579219842,71.1,1,1,1,4,4,0.25,0.25
2023_02_GB_ATL,2023,2,4373626,0.5129612906045874,54.9,0,0,0,4,4,0.0,0.0
2023_02_IND_HOU,2023,2,4429084,0.5105215660903171,48.9,1,1,0,5,5,0.4,0.4
2023_02_KC_JAX,2023,2,4239996,0.49582671834835823,76.9,0,1,0,2,2,0.5,0.5
2023_02_LAC_TEN,2023,2,3910544,0.3991467340285918,61.2,0,0,1,4,4,0.0,0.25
2023_02_LV_BUF,2023,2,16800,0.5137513996717248,86.4,1,1,0,6,6,0.16666666666666666,0.16666666666666666
2023_02_MIA_NE,2023,2,3116406,0.5143681349477577,83.2,1,1,1,4,4,0.25,0.5
2023_02_NYG_ARI,2023,2,3045147,0.6160398728458865,100.0,1,1,1,6,6,0.3333333333333333,0.5
2023_02_NYJ_DAL,2023,2,4241389,0.3311067381460655,52.6,0,0,0,3,2,0.0,0.0
2023_02_SEA_DET,2023,2,4035538,0.3660682573421583,52.1,1,1,1,5,5,0.2,0.2
2023_02_SF_LA,2023,2,3117251,0.463131014671025,72.7,1,1,1,4,3,0.5,0.5
2023_02_WAS_DEN,2023,2,4361579,0.2942277096550894,57.6,0,0,0,6,2,0.0,0.0
2023_02_CLE_PIT,2023,2,4241457,0.3777355746825609,82.5,0,0,0,3,3,0.0,0.0
2023_02_NO_CAR,2023,2,2980453,0.2897165117748266,59.4,0,0,0,2,2,0.0,0.0
2023_03_NYG_SF,2023,3,3117251,0.5545256876443975,74.7,1,1,1,4,3,0.5,0.5
2023_03_ATL_DET,2023,3,4374302,0.5352241431565616,65.7,0,0,0,2,2,0.0,0.0
2023_03_BUF_WAS,2023,3,4243537,0.3596766047434393,46.6,1,1,0,3,3,0.3333333333333333,0.3333333333333333
2023_03_CAR_SEA,2023,3,4567048,0.5430525868654965,99.7,1,1,1,5,4,0.2,0.2
2023_03_CHI_KC,2023,3,15847,0.4683670146700084,73.8,1,1,1,5,5,0.2,0.2
2023_03_DAL_ARI,2023,3,3916148,0.5817235721431525,89.5,0,0,1,4,4,0.0,0.25
2023_03_DEN_MIA,2023,3,4361579,0.4446705124482999,57.2,0,1,0,5,5,0.2,0.2
2023_03_HOU_JAX,2023,3,4429013,0.4416114721266111,24.6,1,1,1,5,5,0.2,0.2
2023_03_IND_BAL,2023,3,4035676,0.35285858029965433,56.7,1,1,1,2,2,0.5,0.5
2023_03_LAC_MIN,2023,3,3910544,0.5927729629656773,77.6,0,1,0,6,6,0.16666666666666666,0.16666666666666666
2023_03_NE_NYJ,2023,3,3046439,0.28038129166085735,43.1,0,0,0,2,1,0.0,0.0
2023_03_NO_GB,2023,3,2468609,0.4293101146214292,72.8,0,0,0,3,2,0.0,0.0
2023_03_PIT_LV,2023,3,16800,0.4476440062623813,44.6,1,1,0,3,3,0.3333333333333333,0.3333333333333333
2023_03_TEN_CLE,2023,3,3043078,0.371301032747937,73.8,0,1,0,2,2,0.5,0.5
2023_03_LA_CIN,2023,3,3116385,0.42039396797567896,86.7,1,1,1,2,1,0.5,0.5
2023_03_PHI_TB,2023,3,16737,0.6002384468976409,67.8,1,1,0,3,3,0.6666666666666666,0.6666666666666666
2023_04_DET_GB,2023,4,4035538,0.44870457863021407,83.8,1,1,1,4,4,0.25,0.5
2023_04_ARI_SF,2023,4,3045147,0.5802720504770312,81.4,0,1,1,3,3,0.3333333333333333,0.3333333333333333
2023_04_ATL_JAX,2023,4,3895856,0.3621983052202461,55.2,0,0,0,2,2,0.0,0.0
2023_04_BAL_CLE,2023,4,2976499,0.25894529311927217,71.2,0,0,0,2,2,0.0,0.0
2023_04_CIN_TEN,2023,4,3116385,0.3421927047099337,59.5,0,0,1,3,2,0.0,0.3333333333333333
2023_04_DEN_CHI,2023,4,4361579,0.41755291699236485,56.3,0,0,0,6,6,0.0,0.0
2023_04_KC_NYJ,2023,4,15847,0.4029808314894885,86.0,0,0,1,4,4,0.0,0.0
2023_04_LA_IND,2023,4,4429084,0.4629195979295687,55.8,1,1,0,5,3,0.2,0.2
2023_04_LV_LAC,2023,4,16800,0.6153161031376468,62.2,0,1,1,4,3,0.25,0.25
2023_04_MIA_BUF,2023,4,2576414,0.41326588387389485,56.7,0,0,0,6,6,0.0,0.16666666666666666
2023_04_MIN_CAR,2023,4,16460,0.46279494327597515,61.2,0,1,0,1,1,1.0,1.0
2023_04_NE_DAL,2023,4,3916148,0.349963938399491,73.9,0,1,0,2,2,0.5,0.5
2023_04_PIT_HOU,2023,4,4241457,0.36999850466437856,68.6,0,1,0,2,2,0.5,0.5
2023_04_TB_NO,2023,4,16737,0.3334395985112907,51.0,0,0,0,3,3,0.0,0.0
2023_04_WAS_PHI,2023,4,4040715,0.5072417222628214,71.1,0,1,1,5,2,0.2,0.2
2023_04_SEA_NYG,2023,4,4567048,0.6369685949552313,100.0,1,1,1,2,2,0.5,1.0
2023_05_CHI_WAS,2023,5,3915416,0.33957513500918,40.4,1,1,0,4,2,0.5,0.5
2023_05_BAL_PIT,2023,5,3116365,0.3287769299011244,56.6,0,0,0,2,2,0.0,0.0
2023_05_CAR_DET,2023,5,4035538,0.6359223481534029,100.0,1,1,1,8,8,0.125,0.25
2023_05_CIN_ARI,2023,5,3116385,0.49533133846129485,57.2,0,0,0,3,3,0.0,0.3333333333333333
2023_05_DAL_SF,2023,5,3117251,0.41318248551989045,79.6,1,1,1,5,5,0.2,0.2
2023_05_HOU_ATL,2023,5,15807,0.3422119711839601,48.4,0,1,0,3,3,0.3333333333333333,0.3333333333333333
2023_05_JAX_BUF,2023,5,2976212,0.4053273989145775,48.4,1,1,1,5,5,0.4,0.4
2023_05_KC_MIN,2023,5,15847,0.4375133473783287,58.8,1,1,0,5,5,0.2,0.4
2023_05_NO_NE,2023,5,3046439,0.24161837277384912,46.0,0,0,1,3,3,0.0,0.3333333333333333
2023_05_NYG_MIA,2023,5,4429160,0.697212230264892,33.8,1,1,1,4,4,0.5,0.75
2023_05_NYJ_DEN,2023,5,3128390,0.35881838027615864,45.0,0,0,0,3,3,0.0,0.3333333333333333
2023_05_PHI_LA,2023,5,4040715,0.49908225140655826,64.5,1,1,0,4,2,0.25,0.25
2023_05_TEN_IND,2023,5,3043078,0.43600639837310806,97.1,0,0,0,2,2,0.0,0.0
2023_05_GB_LV,2023,5,4047365,0.5357032188175226,77.4,1,1,1,3,3,0.6666666666666666,0.6666666666666666
2023_06_DEN_KC,2023,6,15847,0.5067543480021008,61.0,0,0,0,2,2,0.0,0.0
2023_06_ARI_LA,2023,6,4362478,0.27418422723299074,39.9,0,0,0,2,0,0.0,0.0
2023_06_BAL_TEN,2023,6,3051926,0.34351581240194096,53.9,0,0,1,2,2,0.0,0.0
2023_06_CAR_MIA,2023,6,2576414,0.7520887477321572,83.1,1,1,1,6,6,0.3333333333333333,0.5
2023_06_DET_TB,2023,6,4035538,0.5626550744132688,68.4,0,0,0,2,2,0.0,0.5
2023_06_IND_JAX,2023,6,4242335,0.37346698748550367,58.2,0,1,1,5,5,0.2,0.4
2023_06_MIN_CHI,2023,6,4429205,0.47048444473697193,35.5,1,1,0,2,1,0.5,0.5
2023_06_NE_LV,2023,6,4047365,0.4274109540664973,60.1,0,0,0,3,3,0.0,0.3333333333333333
2023_06_NO_HOU,2023,6,3054850,0.3359319105276204,60.7,0,0,0,3,3,0.0,0.3333333333333333
2023_06_NYG_BUF,2023,6,2976212,0.4181359543016061,43.9,0,0,0,2,2,0.0,0.0
2023_06_PHI_NYJ,2023,6,4047646,0.3248001823155967,72.7,0,1,1,3,3,0.3333333333333333,0.3333333333333333
2023_06_SEA_CIN,2023,6,4567048,0.508999975670467,84.1,1,1,0,3,3,0.3333333333333333,0.3333333333333333
2023_06_SF_CLE,2023,6,3117251,0.5460846101793448,89.9,1,1,1,3,3,0.3333333333333333,0.3333333333333333
2023_06_WAS_ATL,2023,6,15807,0.28599306635301913,48.3,0,0,0,5,2,0.0,0.0
2023_06_DAL_LAC,2023,6,3068267,0.6302652594631291,91.2,0,0,0,4,4,0.0,0.25
2023_07_JAX_NO,2023,7,3895856,0.35876488143003926,60.0,1,1,0,4,4,0.25,0.25
2023_07_ARI_SEA,2023,7,4567048,0.5919944296806146,100.0,0,0,0,3,2,0.0,0.0
2023_07_ATL_TB,2023,7,16737,0.3175842294035097,59.2,1,1,0,2,2,0.5,0.5
2023_07_BUF_NE,2023,7,2976212,0.40344371124803435,58.7,1,1,0,6,6,0.16666666666666666,0.16666666666666666
2023_07_CLE_IND,2023,7,4035676,0.45801782623696163,55.2,0,1,0,6,5,0.16666666666666666,0.3333333333333333
2023_07_DET_BAL,2023,7,4429795,0.28602647390983627,43.9,1,1,1,5,5,0.2,0.4
2023_07_GB_DEN,2023,7,4248528,0.3302127626448539,43.1,0,0,0,3,3,0.0,0.0
2023_07_LAC_KC,2023,7,3068267,0.39927076001081585,66.5,0,1,0,6,6,0.16666666666666666,0.16666666666666666
2023_07_LV_CHI,2023,7,16800,0.3657333089291329,45.4,0,0,0,2,2,0.0,0.5
2023_07_MIA_PHI,2023,7,2576414,0.4828841354254787,67.0,0,1,0,5,5,0.2,0.2
2023_07_PIT_LA,2023,7,4241457,0.19579471887730737,64.5,1,1,1,5,3,0.2,0.2
2023_07_WAS_NYG,2023,7,3929630,0.2363135756043262,94.5,1,1,1,3,2,0.3333333333333333,0.3333333333333333
2023_07_SF_MIN,2023,7,3117251,0.6489999180663493,100.0,1,1,1,2,2,0.5,0.5
2023_08_TB_BUF,2023,8,2976212,0.4548936926299125,63.5,0,1,0,5,5,0.2,0.4
2023_08_ATL_TEN,2023,8,15807,0.1932731750471377,52.9,0,0,0,4,4,0.0,0.0
2023_08_BAL_ARI,2023,8,3116365,0.33019333464957057,42.7,1,1,1,5,5,0.4,0.4
2023_08_CHI_LAC,2023,8,3068267,0.43209917193620206,67.5,1,1,1,5,5,0.2,0.2
2023_08_CIN_SF,2023,8,3117251,0.5790267453287687,100.0,1,1,1,5,5,0.4,0.4
2023_08_CLE_SEA,2023,8,4567048,0.6084303697437675,100.0,0,0,0,5,5,0.0,0.2
2023_08_HOU_CAR,2023,8,3117256,0.49877356050801114,67.5,0,0,0,3,3,0.0,0.0
2023_08_JAX_PIT,2023,8,4241457,0.3301171970044099,54.5,0,1,1,2,2,0.5,0.5
2023_08_KC_DEN,2023,8,15847,0.47209852930005203,87.7,0,0,0,3,3,0.0,0.3333333333333333
2023_08_LA_DAL,2023,8,3916148,0.41838953098644394,100.0,0,0,0,5,3,0.0,0.2
2023_08_MIN_GB,2023,8,4429205,0.3875471453328313,57.8,1,1,0,4,4,0.25,0.25
2023_08_NE_MIA,2023,8,2576414,0.5282880026819341,73.3,1,1,0,6,6,0.3333333333333333,0.3333333333333333
2023_08_NO_IND,2023,8,4242335,0.4778276827316673,61.9,0,1,1,6,6,0.16666666666666666,0.16666666666666666
2023_08_NYJ_NYG,2023,8,4427366,0.3080294749964877,65.1,1,1,0,2,1,0.5,0.5
2023_08_PHI_WAS,2023,8,4047646,0.42684400017450563,76.6,1,1,1,8,4,0.25,0.375
2023_08_LV_DET,2023,8,4429795,0.6264833485281518,88.4,1,1,1,3,3,0.3333333333333333,0.6666666666666666
2023_09_TEN_PIT,2023,9,4241457,0.30603844981614825,59.5,1,1,1,3,3,0.3333333333333333,0.6666666666666666
2023_09_ARI_CLE,2023,9,4046676,0.4336157382755964,46.9,0,1,0,3,3,0.3333333333333333,0.3333333333333333
2023_09_BUF_CIN,2023,9,4362628,0.465954412444184,75.6,0,1,1,5,4,0.2,0.2
2023_09_CHI_NO,2023,9,3125116,0.3409140077901123,61.7,0,0,0,4,4,0.0,0.0
2023_09_DAL_PHI,2023,9,4047646,0.43654856915836493,74.9,1,1,0,7,7,0.14285714285714285,0.2857142857142857
2023_09_IND_CAR,2023,9,4242335,0.6569378119215141,59.6,1,1,0,2,2,0.5,0.5
2023_09_LA_GB,2023,9,4248528,0.29674936235158944,42.4,0,1,0,2,2,0.5,0.5
2023_09_MIA_KC,2023,9,3116406,0.5438176036547264,72.7,0,0,0,4,4,0.0,0.25
2023_09_MIN_ATL,2023,9,4429205,0.5130621716927402,72.6,0,0,1,5,5,0.0,0.0
2023_09_NYG_LV,2023,9,3929630,0.30137409679687666,57.6,0,1,0,3,3,0.3333333333333333,0.3333333333333333
2023_09_SEA_BAL,2023,9,4567048,0.4531706656205853,67.7,0,1,0,3,2,0.3333333333333333,0.3333333333333333
2023_09_TB_HOU,2023,9,16737,0.33455293128554486,44.8,0,1,1,6,6,0.16666666666666666,0.16666666666666666
2023_09_WAS_NE,2023,9,3046439,0.410788550830423,66.5,1,1,1,4,2,0.5,0.5
2023_09_LAC_NYJ,2023,9,3068267,0.44945876524158623,80.5,1,1,1,1,1,1.0,1.0
2023_10_CAR_CHI,2023,10,16460,0.4961567149861016,65.4,0,1,1,1,1,1.0,1.0
2023_10_ATL_ARI,2023,10,4430807,0.3209597339316429,56.3,1,1,0,5,4,0.2,0.2
2023_10_CLE_BAL,2023,10,3051926,0.5315326001748198,90.0,1,1,0,5,5,0.2,0.4
2023_10_DET_LAC,2023,10,3068267,0.5874464808089148,88.1,1,1,1,8,8,0.25,0.375
2023_10_GB_PIT,2023,10,4241457,0.3359593420487179,83.7,1,1,1,4,4,0.25,0.25
2023_10_HOU_CIN,2023,10,3116385,0.4552122799216217,66.3,1,1,1,6,6,0.3333333333333333,0.3333333333333333
2023_10_IND_NE,2023,10,3051392,0.4422246892949082,52.6,0,0,1,1,1,0.0,1.0
2023_10_NO_MIN,2023,10,4429205,0.5292714587988455,70.2,0,1,0,5,4,0.2,0.2
2023_10_NYG_DAL,2023,10,4241389,0.33576370581304893,50.4,1,1,0,8,8,0.125,0.125
2023_10_NYJ_LV,2023,10,4047365,0.5810830118821133,100.0,0,0,0,1,1,0.0,0.0
2023_10_SF_JAX,2023,10,3117251,0.4071071393347092,58.1,0,0,0,4,4,0.0,0.0
2023_10_TEN_TB,2023,10,15795,0.42921903074628454,60.5,0,1,0,2,2,0.5,0.5
2023_10_WAS_SEA,2023,10,4567048,0.3797119912945651,70.7,1,1,1,5,2,0.2,0.4
2023_10_DEN_BUF,2023,10,2976212,0.38142112743024004,54.5,0,0,1,5,5,0.0,0.0
2023_11_CIN_BAL,2023,11,3051926,0.5886687012027376,87.3,1,1,1,5,5,0.4,0.4
2023_11_ARI_HOU,2023,11,4040761,0.49310799511054526,54.5,1,1,0,5,5,0.2,0.4
2023_11_CHI_DET,2023,11,4374302,0.34142625318085584,51.4,1,1,1,6,6,0.3333333333333333,0.3333333333333333
2023_11_DAL_CAR,2023,11,3916148,0.4876343448092323,67.2,1,1,1,4,3,0.25,0.5
2023_11_LAC_GB,2023,11,3068267,0.635481756638834,100.0,0,0,0,5,5,0.0,0.2
2023_11_LV_MIA,2023,11,4047365,0.424338187399687,60.3,0,0,0,3,3,0.0,0.0
2023_11_MIN_DEN,2023,11,4429205,0.36028405566735955,43.7,0,0,0,3,3,0.0,0.3333333333333333
2023_11_NYG_WAS,2023,11,3929630,0.2887701485995705,65.6,1,1,1,4,2,0.25,0.25
2023_11_NYJ_BUF,2023,11,2976212,0.3330978259080277,59.8,0,0,1,4,4,0.0,0.25
2023_11_PIT_CLE,2023,11,4241457,0.5054127870167981,89.3,0,1,0,2,2,0.5,0.5
2023_11_SEA_LA,2023,11,4567048,0.3373821689631148,70.0,0,1,0,3,1,0.3333333333333333,0.3333333333333333
2023_11_TB_SF,2023,11,3117251,0.48738913437286235,71.9,1,1,1,5,5,0.4,0.6
2023_11_TEN_JAX,2023,11,3043078,0.31999154561441345,60.1,0,0,0,4,3,0.0,0.25
2023_11_PHI_KC,2023,11,4047646,0.514786593733048,76.4,0,1,1,4,4,0.25,0.25
2023_12_GB_DET,2023,12,4429795,0.49215603619674597,66.5,0,1,0,6,6,0.16666666666666666,0.3333333333333333
2023_12_SF_SEA,2023,12,3117251,0.4053808583658922,94.8,1,1,1,3,3,0.3333333333333333,0.3333333333333333
2023_12_WAS_DAL,2023,12,4241389,0.5465709090873921,75.5,1,1,1,6,5,0.16666666666666666,0.3333333333333333
2023_12_MIA_NYJ,2023,12,3116406,0.4984946592138082,69.2,1,1,0,3,3,0.6666666666666666,0.6666666666666666
2023_12_BAL_LAC,2023,12,3051926,0.6218840703756277,81.5,0,0,0,2,2,0.0,0.0
2023_12_BUF_PHI,2023,12,4047646,0.4048819867300364,45.0,1,1,0,7,7,0.2857142857142857,0.42857142857142855
2023_12_CAR_TEN,2023,12,3043078,0.3557441541581863,64.5,1,1,1,2,2,0.5,0.5
2023_12_CLE_DEN,2023,12,3059915,0.40237593857667653,63.9,0,0,0,4,4,0.0,0.0
2023_12_JAX_HOU,2023,12,4366031,0.4851443881773344,54.0,1,1,0,5,5,0.2,0.2
2023_12_KC_LV,2023,12,4047365,0.486126453190711,78.2,1,1,1,5,5,0.2,0.2
2023_12_LA_ARI,2023,12,3045147,0.38002955585686937,97.4,0,0,0,5,2,0.0,0.2
2023_12_NE_NYG,2023,12,3051392,0.335487864941171,50.2,0,1,0,2,2,0.5,0.5
2023_12_NO_ATL,2023,12,4430807,0.39343410838102744,66.0,1,1,0,1,1,1.0,1.0
2023_12_PIT_CIN,2023,12,4241457,0.47009079650295216,74.0,1,1,0,2,2,0.5,0.5
2023_12_TB_IND,2023,12,4697815,0.420793402425242,73.8,0,0,1,3,3,0.0,0.3333333333333333
2023_12_CHI_MIN,2023,12,4429205,0.40714401594980043,58.5,0,1,0,1,1,1.0,1.0
2023_13_SEA_DAL,2023,13,3916148,0.5336839628268014,88.1,1,1,1,7,7,0.2857142857142857,0.2857142857142857
2023_13_ARI_PIT,2023,13,4241457,0.326056035164795,54.6,0,1,0,3,3,0.3333333333333333,0.3333333333333333
2023_13_ATL_NYJ,2023,13,4430807,0.41707977603816904,94.2,0,0,0,1,1,0.0,0.0
2023_13_CAR_TB,2023,13,4697815,0.42357944406297454,56.4,1,1,1,4,4,0.5,0.5
2023_13_CLE_LA,2023,13,3059915,0.3023472489827853,54.7,0,1,1,6,2,0.16666666666666666,0.16666666666666666
2023_13_DEN_HOU,2023,13,4361579,0.34589884220894473,57.2,0,1,0,4,4,0.25,0.25
2023_13_DET_NO,2023,13,4429795,0.5050157768724983,59.1,0,1,1,7,7,0.14285714285714285,0.2857142857142857
2023_13_IND_TEN,2023,13,4035676,0.5328710223779518,71.0,0,1,1,4,4,0.25,0.25
2023_13_KC_GB,2023,13,15847,0.39554412617983103,45.9,0,1,1,4,3,0.25,0.5
2023_13_LAC_NE,2023,13,4569173,0.3858747064917518,55.6,0,0,0,0,0,,
2023_13_MIA_WAS,2023,13,3116406,0.5900397324894079,78.2,1,1,1,4,3,0.25,0.5
2023_13_SF_PHI,2023,13,3117251,0.5279770515085577,78.4,1,1,1,6,6,0.16666666666666666,0.16666666666666666
2023_13_CIN_JAX,2023,13,4239996,0.5560530031963304,83.3,1,1,1,7,6,0.2857142857142857,0.42857142857142855
2023_14_NE_PIT,2023,14,3051392,0.41193697225322334,94.1,1,1,0,4,4,0.25,0.5
2023_14_BUF_KC,2023,14,15847,0.38021529302846546,41.9,0,0,1,4,4,0.0,0.0
2023_14_CAR_NO,2023,14,3054850,0.5881798554828496,64.5,1,1,1,3,2,0.3333333333333333,0.3333333333333333
2023_14_DEN_LAC,2023,14,3068267,0.36066938981267305,72.3,1,1,1,4,4,0.5,0.5
2023_14_DET_CHI,2023,14,4035538,0.388239691229432,58.4,0,1,0,4,4,0.25,0.25
2023_14_HOU_NYJ,2023,14,4258173,0.34183230375339535,57.8,0,1,1,4,4,0.25,0.5
2023_14_IND_CIN,2023,14,3116385,0.6000835631508689,60.2,1,1,1,5,4,0.2,0.2
2023_14_JAX_CLE,2023,14,4239996,0.5228457973057694,94.1,1,1,1,6,6,0.16666666666666666,0.3333333333333333
2023_14_LA_BAL,2023,14,3051926,0.3900015298401449,70.4,0,1,0,6,3,0.16666666666666666,0.3333333333333333
2023_14_MIN_LV,2023,14,4047365,0.2845669702749992,59.7,0,0,0,0,0,,
2023_14_PHI_DAL,2023,14,4241389,0.6512874845203792,71.2,1,1,0,3,3,0.3333333333333333,0.3333333333333333
2023_14_SEA_SF,2023,14,3117251,0.6956801753070094,94.2,0,1,0,5,5,0.2,0.4
2023_14_TB_ATL,2023,14,4430807,0.38046600749364834,67.7,1,1,1,6,6,0.3333333333333333,0.3333333333333333
2023_14_GB_NYG,2023,14,4362249,0.3517464668726087,49.2,1,1,1,4,4,0.5,0.5
2023_14_TEN_MIA,2023,14,4429160,0.5120605046787992,56.5,0,1,1,3,3,0.3333333333333333,0.3333333333333333
2023_15_LAC_LV,2023,15,3068267,0.42197905403951397,94.5,0,1,0,9,9,0.1111111111111111,0.2222222222222222
2023_15_DEN_DET,2023,15,4361579,0.42987451348767314,55.3,0,1,0,5,4,0.2,0.2
2023_15_MIN_CIN,2023,15,4242431,0.41651707557880746,71.7,1,1,1,4,4,0.5,0.75
2023_15_PIT_IND,2023,15,4241457,0.3876682384200577,59.9,0,1,0,5,4,0.2,0.2
2023_15_ATL_CAR,2023,15,4430807,0.4999794548670988,94.8,0,0,0,1,1,0.0,1.0
2023_15_BAL_JAX,2023,15,3051926,0.45831475302064983,59.9,1,1,0,3,3,0.3333333333333333,0.3333333333333333
2023_15_CHI_CLE,2023,15,3125116,0.31095592830921925,53.4,0,1,0,3,3,0.3333333333333333,0.3333333333333333
2023_15_DAL_BUF,2023,15,4241389,0.5767912423429622,69.1,1,1,0,4,4,0.25,0.25
2023_15_HOU_TEN,2023,15,3043078,0.6080527562169948,94.1,0,0,0,2,2,0.0,0.0
2023_15_KC_NE,2023,15,3051392,0.3474167406901637,71.5,0,1,0,5,5,0.2,0.4
2023_15_NYG_NO,2023,15,2468609,0.45678267660996563,66.9,0,0,0,3,3,0.0,0.0
2023_15_NYJ_MIA,2023,15,4429160,0.48459944557515,48.7,0,1,0,2,2,0.5,0.5
2023_15_SF_ARI,2023,15,3117251,0.4974450897228364,85.7,1,1,1,5,5,0.4,0.6
2023_15_TB_GB,2023,15,4697815,0.5170050878131056,81.0,1,1,1,6,5,0.3333333333333333,0.5
2023_15_PHI_SEA,2023,15,4040715,0.5431834463996541,64.2,1,1,0,3,3,0.3333333333333333,0.3333333333333333
2023_16_NO_LA,2023,16,3054850,0.28197525746269114,61.2,0,1,0,6,3,0.16666666666666666,0.16666666666666666
2023_16_BUF_LAC,2023,16,3918298,0.5314682173766327,46.6,1,1,0,3,2,0.3333333333333333,0.3333333333333333
2023_16_CIN_PIT,2023,16,3116385,0.46342287559673156,62.5,0,1,0,4,4,0.25,0.5
2023_16_ARI_CHI,2023,16,3045147,0.4036080121936799,63.7,1,1,1,5,4,0.2,0.2
2023_16_CLE_HOU,2023,16,4040761,0.3340760294466987,72.8,0,1,0,6,5,0.16666666666666666,0.3333333333333333
2023_16_DAL_MIA,2023,16,2576414,0.5994845913166753,64.8,1,1,0,3,3,0.3333333333333333,0.3333333333333333
2023_16_DET_MIN,2023,16,4430027,0.4018184064028413,48.0,0,1,1,6,6,0.16666666666666666,0.16666666666666666
2023_16_GB_CAR,2023,16,3042519,0.35000071165478186,70.7,0,1,1,7,7,0.14285714285714285,0.2857142857142857
2023_16_IND_ATL,2023,16,4430807,0.4462642348330905,88.4,0,0,1,3,3,0.0,0.3333333333333333
2023_16_JAX_TB,2023,16,16737,0.5816593004213486,53.2,1,1,1,3,3,0.6666666666666666,0.6666666666666666
2023_16_NE_DEN,2023,16,3051392,0.45444880118972564,95.8,1,1,1,5,4,0.2,0.4
2023_16_SEA_TEN,2023,16,3043078,0.6613981769664395,100.0,1,1,1,4,4,0.25,0.25
2023_16_WAS_NYJ,2023,16,4427366,0.3832005422917969,97.0,1,1,1,5,2,0.2,0.2
2023_16_BAL_SF,2023,16,3051926,0.4609480776519209,58.6,1,1,1,5,4,0.4,0.4
2023_16_LV_KC,2023,16,16800,0.5020009595907012,45.1,0,0,1,2,2,0.0,0.0
2023_16_NYG_PHI,2023,16,4040715,0.4064142891564466,45.2,1,1,1,5,5,0.4,0.6
2023_17_NYJ_CLE,2023,17,4427366,0.44443962264547787,75.4,1,1,1,4,4,0.5,0.75
2023_17_DET_DAL,2023,17,4429795,0.5637393436611822,56.7,0,1,0,4,4,0.25,0.5
2023_17_ARI_PHI,2023,17,4040715,0.5359706585766497,48.1,0,1,1,5,5,0.2,0.2
2023_17_ATL_CHI,2023,17,4430807,0.33683747895850913,71.2,0,1,0,6,6,0.16666666666666666,0.3333333333333333
2023_17_CAR_JAX,2023,17,4241416,0.458785570034809,60.9,0,1,0,1,1,1.0,1.0
2023_17_CIN_KC,2023,17,4361529,0.5610793472265603,86.7,1,1,1,3,3,0.6666666666666666,0.6666666666666666
2023_17_GB_MIN,2023,17,4429205,0.4610687491701584,44.4,0,0,0,4,4,0.0,0.0
2023_17_LAC_DEN,2023,17,4361579,0.5318557162869118,62.8,0,0,0,1,1,0.0,0.0
2023_17_LA_NYG,2023,17,3929630,0.26370208864637856,87.6,0,0,0,4,2,0.0,0.0
2023_17_LV_IND,2023,17,16800,0.40743413615099444,52.2,1,1,1,3,3,0.6666666666666666,0.6666666666666666
2023_17_MIA_BAL,2023,17,4429160,0.3782266123816088,77.4,1,1,1,9,8,0.1111111111111111,0.2222222222222222
2023_17_NE_BUF,2023,17,3051392,0.4101842653811325,73.9,1,1,0,3,2,0.3333333333333333,0.3333333333333333
2023_17_NO_TB,2023,17,3929645,0.3343203063982888,38.1,1,1,0,4,4,0.25,0.25
2023_17_PIT_SEA,2023,17,4241457,0.5890983596948152,87.1,1,1,1,4,4,0.5,0.5
2023_17_SF_WAS,2023,17,3117251,0.624464089839972,85.6,0,1,0,4,3,0.25,0.25
2023_17_TEN_HOU,2023,17,3043078,0.5313925930832412,91.5,0,0,0,1,1,0.0,0.0
2023_18_HOU_IND,2023,18,4242335,0.40290003099764293,65.0,1,1,1,4,4,0.25,0.5
2023_18_PIT_BAL,2023,18,4361050,0.49524288672491135,58.9,1,1,1,3,3,0.3333333333333333,0.3333333333333333
2023_18_ATL_NO,2023,18,2468609,0.29118906493949615,40.4,0,0,1,7,7,0.0,0.14285714285714285
2023_18_BUF_MIA,2023,18,4429160,0.5923650054059093,77.9,1,1,0,4,4,0.25,0.25
2023_18_CHI_GB,2023,18,4362249,0.4619478218026041,50.3,0,0,0,1,1,0.0,0.0
2023_18_CLE_CIN,2023,18,4372019,0.6508759002860798,90.8,0,0,1,3,3,0.0,0.3333333333333333
2023_18_DAL_WAS,2023,18,4241389,0.4738518989349829,79.3,1,1,1,5,4,0.4,0.4
2023_18_DEN_LV,2023,18,16800,0.4854225873012388,86.0,1,1,1,4,4,0.5,0.75
2023_18_JAX_TEN,2023,18,3043078,0.424980428622034,91.6,1,1,1,5,5,0.4,0.6
2023_18_KC_LAC,2023,18,4242214,0.5365717174086686,82.5,0,0,0,0,0,,
2023_18_LA_SF,2023,18,3126486,0.6065973925804756,52.6,0,0,0,6,2,0.0,0.0
2023_18_MIN_DET,2023,18,4429795,0.6065482997460855,70.2,1,1,1,6,6,0.3333333333333333,0.5
2023_18_NYJ_NE,2023,18,3051392,0.5061610446538143,65.6,0,1,1,1,1,1.0,1.0
2023_18_PHI_NYG,2023,18,3929630,0.4310698575450731,83.1,1,1,1,3,3,0.3333333333333333,0.3333333333333333
2023_18_SEA_ARI,2023,18,3045147,0.6850616737744426,100.0,1,1,1,4,4,0.25,0.25
2023_18_TB_CAR,2023,18,4697815,0.4893989068102944,70.9,0,0,0,0,0,,
2023_19_CLE_HOU,2023,19,3059915,0.37778764393953257,45.9,1,1,1,5,5,0.2,0.4
2023_19_MIA_KC,2023,19,4428331,0.3076276224560006,44.5,1,1,1,3,3,0.3333333333333333,0.3333333333333333
2023_19_GB_DAL,2023,19,4241389,0.5040148218088616,89.4,0,1,1,6,6,0.16666666666666666,0.3333333333333333
2023_19_LA_DET,2023,19,4429795,0.5654914098465689,73.3,1,1,1,5,3,0.4,0.6
2023_19_PHI_TB,2023,19,16737,0.4700528983896559,52.1,0,0,0,4,3,0.0,0.0
2023_19_PIT_BUF,2023,19,4241457,0.583766094690308,98.1,0,0,0,6,6,0.0,0.0
2023_20_GB_SF,2023,20,3117251,0.6335639977885061,93.8,1,1,1,4,4,0.25,0.5
2023_20_HOU_BAL,2023,20,3051926,0.416810120085814,62.1,0,0,0,3,3,0.0,0.0
2023_20_KC_BUF,2023,20,4361529,0.34587693174406686,79.5,1,1,1,4,4,0.5,0.5
2023_20_TB_DET,2023,20,16737,0.41177154531862714,66.5,1,1,1,7,7,0.2857142857142857,0.2857142857142857
2023_21_DET_SF,2023,21,3117251,0.505284252448067,86.5,1,1,1,6,6,0.3333333333333333,0.3333333333333333
2023_21_KC_BAL,2023,21,3051926,0.46219749432704627,89.9,0,1,1,3,3,0.3333333333333333,0.3333333333333333
2023_22_SF_KC,2023,22,3117251,0.5374521254037645,75.7,1,1,1,4,4,0.25,0.25
2024_01_BAL_KC,2024,1,4361529,0.31902217732128346,55.1,1,1,1,4,3,0.25,0.5
2024_01_GB_PHI,2024,1,4248528,0.43628818845192696,37.0,1,1,0,4,4,0.5,0.5
2024_01_ARI_BUF,2024,1,3045147,0.5600550848351861,85.6,1,1,1,5,5,0.4,0.4
2024_01_CAR_NO,2024,1,2468609,0.3585988816696223,42.0,0,1,0,6,6,0.16666666666666666,0.3333333333333333
2024_01_DAL_CLE,2024,1,4241389,0.5803447632446539,76.1,0,1,1,4,4,0.25,0.25
2024_01_DEN_SEA,2024,1,4361579,0.586271109202043,94.7,0,0,0,4,3,0.0,0.0
2024_01_HOU_IND,2024,1,4242335,0.47147101129700275,73.2,1,1,1,6,6,0.3333333333333333,0.5
2024_01_JAX_MIA,2024,1,4429160,0.396251166338775,53.9,1,1,1,4,3,0.25,0.25
2024_01_LA_DET,2024,1,4429795,0.6545701065366775,70.3,1,1,1,5,3,0.4,0.4
2024_01_LV_LAC,2024,1,16800,0.4369068094122025,85.4,0,0,0,3,2,0.0,0.3333333333333333
2024_01_MIN_NYG,2024,1,4040761,0.5587190716161959,97.2,0,0,1,3,3,0.0,0.0
2024_01_NE_CIN,2024,1,4035676,0.4370509582266652,80.3,1,1,1,2,2,1.0,1.0
2024_01_PIT_ATL,2024,1,4430807,0.5088663011883314,69.9,0,0,0,1,1,0.0,0.0
2024_01_TEN_CHI,2024,1,3916148,0.3396377106242606,73.2,1,1,1,2,2,0.5,0.5
2024_01_WAS_TB,2024,1,16737,0.6699803842960101,80.9,1,1,0,5,2,0.2,0.2
2024_01_NYJ_SF,2024,1,4427366,0.4691662896386951,69.3,1,1,1,4,4,0.5,0.75
2024_02_BUF_MIA,2024,2,4429160,0.48859811420817933,62.7,1,1,1,2,2,0.5,1.0
2024_02_CHI_HOU,2024,2,4259545,0.41852195705393525,74.2,0,0,0,2,2,0.0,0.0
2024_02_CIN_KC,2024,2,4361529,0.4315304926158443,68.7,0,0,0,3,2,0.0,0.0
2024_02_CLE_JAX,2024,2,4239996,0.4162966685085765,62.2,1,1,1,2,2,0.5,0.5
2024_02_IND_GB,2024,2,4242335,0.5124556674930038,63.3,0,0,0,2,2,0.0,0.0
2024_02_LAC_CAR,2024,2,4241985,0.30239035201531017,48.7,1,1,0,2,2,0.5,0.5
2024_02_LA_ARI,2024,2,3045147,0.6139065335752758,100.0,1,1,1,4,3,0.25,0.25
2024_02_LV_BAL,2024,2,3043078,0.4086559460872994,88.6,1,1,1,4,4,0.5,0.5
2024_02_NO_DAL,2024,2,3054850,0.527993285210326,58.5,1,1,1,4,4,0.25,0.5
2024_02_NYG_WAS,2024,2,4040761,0.40231856219939355,66.1,1,1,1,3,3,0.6666666666666666,1.0
2024_02_NYJ_TEN,2024,2,3916148,0.4979080610652806,94.2,0,1,1,3,3,0.3333333333333333,0.3333333333333333
2024_02_PIT_DEN,2024,2,4241457,0.31872535647351696,68.6,0,0,0,1,0,0.0,0.0
2024_02_SEA_NE,2024,2,4569173,0.42345793266005904,73.8,1,1,1,4,3,0.5,0.5
2024_02_SF_MIN,2024,2,3126486,0.5152825122711112,54.6,0,1,0,4,4,0.25,0.5
2024_02_TB_DET,2024,2,16737,0.4904608074818969,48.5,0,0,0,3,3,0.0,0.3333333333333333
2024_02_ATL_PHI,2024,2,4430807,0.5397135148207226,78.2,0,0,0,4,4,0.0,0.25
2024_03_NE_NYJ,2024,3,4427366,0.5010761951359388,84.4,1,1,1,3,3,0.3333333333333333,0.3333333333333333
2024_03_BAL_DAL,2024,3,3043078,0.6274183036971523,99.8,1,1,1,6,6,0.3333333333333333,0.3333333333333333
2024_03_CAR_LV,2024,3,16800,0.3929900620373884,63.6,0,1,1,7,7,0.14285714285714285,0.2857142857142857
2024_03_CHI_IND,2024,3,4259545,0.27836766574666727,55.2,0,1,1,4,4,0.25,0.25
2024_03_DEN_TB,2024,3,16737,0.435927070048003,78.2,0,0,0,3,3,0.0,0.3333333333333333
2024_03_DET_ARI,2024,3,3045147,0.50583311655505,62.0,0,1,0,4,4,0.25,0.5
2024_03_GB_TEN,2024,3,3916148,0.49102117290488345,93.6,0,0,0,4,4,0.0,0.0
2024_03_HOU_MIN,2024,3,3042519,0.36489702574458893,65.0,1,1,1,5,5,0.4,0.4
2024_03_KC_ATL,2024,3,4430807,0.40180896093324325,74.8,1,1,1,4,4,0.25,0.5
2024_03_LAC_PIT,2024,3,4612826,0.24269520577700832,33.2,0,0,0,3,3,0.0,0.0
2024_03_MIA_SEA,2024,3,4426385,0.48462710513134244,54.2,1,1,0,2,2,0.5,1.0
2024_03_NYG_CLE,2024,3,4040761,0.3619555218906685,78.7,1,1,1,3,3,0.3333333333333333,0.6666666666666666
2024_03_PHI_NO,2024,3,3054850,0.6124497745175848,67.7,0,0,1,2,2,0.0,0.0
2024_03_SF_LA,2024,3,4360569,0.7054373767323854,91.8,0,0,0,2,1,0.0,0.0
2024_03_JAX_BUF,2024,3,3918298,0.4780742539391283,67.3,0,1,1,7,7,0.14285714285714285,0.14285714285714285
2024_03_WAS_CIN,2024,3,4368003,0.42517091023612963,42.2,1,1,1,8,3,0.25,0.375
2024_04_DAL_NYG,2024,4,4040761,0.5880530786159154,84.7,0,0,0,2,2,0.0,0.0
2024_04_BUF_BAL,2024,4,3918298,0.4425558755374791,49.6,0,0,1,4,4,0.0,0.25
2024_04_CIN_CAR,2024,4,4035676,0.49508789536996023,72.9,1,1,1,6,6,0.16666666666666666,0.3333333333333333
2024_04_CLE_LV,2024,4,2976499,0.42627341239232563,53.8,0,0,0,3,2,0.0,0.0
2024_04_DEN_NYJ,2024,4,4427366,0.44131061465381904,83.1,0,0,0,1,1,0.0,0.0
2024_04_JAX_HOU,2024,4,2976212,0.361665778814219,43.7,1,1,0,5,5,0.2,0.2
2024_04_KC_LAC,2024,4,15847,0.3265610936475498,56.8,0,0,0,3,3,0.0,0.3333333333333333
2024_04_LA_CHI,2024,4,4259545,0.37253862417658334,70.7,1,1,1,4,3,0.25,0.5
2024_04_MIN_GB,2024,4,4262921,0.3936557614906534,43.6,1,1,0,6,6,0.3333333333333333,0.3333333333333333
2024_04_NE_SF,2024,4,3126486,0.4181986696902079,49.9,0,1,0,3,3,0.3333333333333333,0.6666666666666666
2024_04_NO_ATL,2024,4,3054850,0.4569645606828924,60.0,1,1,1,2,2,0.5,0.5
2024_04_PHI_TB,2024,4,4040715,0.459538225552946,43.7,1,1,0,6,6,0.16666666666666666,0.3333333333333333
2024_04_PIT_IND,2024,4,4426354,0.2786803381773212,39.8,0,0,1,5,5,0.0,0.2
2024_04_WAS_ARI,2024,4,4432708,0.5598928047306968,37.0,1,1,1,6,2,0.3333333333333333,0.3333333333333333
2024_04_SEA_DET,2024,4,4429795,0.4735271596403139,61.6,1,1,1,7,7,0.2857142857142857,0.42857142857142855
2024_04_TEN_MIA,2024,4,3916148,0.47474256167288365,80.1,1,1,1,3,3,0.3333333333333333,0.3333333333333333
2024_05_TB_ATL,2024,5,4596448,0.44743551599771303,46.1,0,1,0,5,5,0.2,0.2
2024_05_ARI_SF,2024,5,3126486,0.35927704343237843,49.2,0,0,0,3,3,0.0,0.0
2024_05_BAL_CIN,2024,5,3043078,0.48958637125776405,58.7,1,1,1,7,7,0.14285714285714285,0.2857142857142857
2024_05_BUF_HOU,2024,5,4379399,0.41496072924909033,63.1,1,1,1,4,4,0.25,0.25
2024_05_CAR_CHI,2024,5,4259545,0.4563612824239406,76.2,1,1,1,4,4,0.5,0.5
2024_05_CLE_WAS,2024,5,2976499,0.3837692698199403,57.6,0,0,0,4,1,0.0,0.0
2024_05_DAL_PIT,2024,5,4241457,0.5063407499228171,65.5,0,0,0,4,4,0.0,0.0
2024_05_GB_LA,2024,5,4362249,0.5196861302508873,51.1,0,0,1,4,2,0.0,0.25
2024_05_IND_JAX,2024,5,4241401,0.5565314643026162,81.4,1,1,0,7,7,0.14285714285714285,0.14285714285714285
2024_05_LV_DEN,2024,5,3916433,0.2687579244623921,42.7,0,1,0,5,5,0.2,0.2
2024_05_MIA_NE,2024,5,4569173,0.37645366418258075,77.4,1,1,1,2,2,0.5,0.5
2024_05_NYG_SEA,2024,5,3917792,0.43219822268657326,58.5,0,0,0,3,3,0.0,0.3333333333333333
2024_05_NYJ_MIN,2024,5,4427366,0.4136740499637269,80.2,0,0,0,3,3,0.0,0.0
2024_05_NO_KC,2024,5,3054850,0.47146545713900634,87.7,0,1,0,4,4,0.25,0.25
2024_06_SF_SEA,2024,6,4567048,0.4052740298828251,67.1,1,1,1,5,5,0.2,0.4
2024_06_ARI_GB,2024,6,3045147,0.3948531583951892,61.0,0,0,0,4,4,0.0,0.25
2024_06_ATL_CAR,2024,6,4430807,0.5250883740893375,63.9,1,1,0,5,5,0.2,0.4
2024_06_CIN_NYG,2024,6,4362628,0.45498705515835347,48.5,0,0,0,3,3,0.0,0.0
2024_06_CLE_PHI,2024,6,4040715,0.41134272746556444,50.3,0,0,0,2,2,0.0,0.0
2024_06_DET_DAL,2024,6,4429795,0.5859733020031286,69.9,0,1,1,4,4,0.25,0.25
2024_06_HOU_NE,2024,6,3116385,0.34374018576523957,78.6,1,1,1,7,7,0.14285714285714285,0.2857142857142857
2024_06_IND_TEN,2024,6,3916148,0.4940348232843337,66.3,1,1,1,4,4,0.25,0.25
2024_06_JAX_CHI,2024,6,4259545,0.5275354375119367,84.0,1,1,1,4,4,0.25,0.25
2024_06_LAC_DEN,2024,6,4426338,0.28439574084336505,45.1,0,1,0,4,3,0.25,0.25
2024_06_PIT_LV,2024,6,3910176,0.39192463428565594,28.0,1,1,1,4,4,0.25,0.5
2024_06_TB_NO,2024,6,3054850,0.5180741084879373,89.4,1,1,1,6,5,0.16666666666666666,0.16666666666666666
2024_06_WAS_BAL,2024,6,3043078,0.49601567583262296,67.8,1,1,1,3,2,0.3333333333333333,0.3333333333333333
2024_06_BUF_NYJ,2024,6,3918298,0.4362183568964487,46.9,1,1,0,5,5,0.2,0.4
2024_07_DEN_NO,2024,7,3054850,0.42279900301922624,82.4,0,1,0,2,2,0.5,0.5
2024_07_CAR_WAS,2024,7,4241416,0.43840111679148097,72.2,1,1,1,3,1,0.3333333333333333,0.3333333333333333
2024_07_CIN_CLE,2024,7,4362238,0.35399877955483017,47.7,0,0,1,4,4,0.0,0.25
2024_07_DET_MIN,2024,7,4374302,0.46527333356628153,51.4,1,1,1,5,5,0.4,0.4
2024_07_HOU_GB,2024,7,4362249,0.46865749062008843,55.5,0,1,1,4,4,0.25,0.5
2024_07_KC_SF,2024,7,3040151,0.4636078556139148,61.8,0,1,0,4,4,0.25,0.25
2024_07_LV_LA,2024,7,4048244,0.4805230228744911,82.4,0,0,0,1,0,0.0,0.0
2024_07_MIA_IND,2024,7,4429084,0.49560692924080996,75.4,0,0,0,2,2,0.0,0.0
2024_07_NE_JAX,2024,7,4429013,0.40259411082859475,48.0,1,1,0,4,4,0.25,0.25
2024_07_NYJ_PIT,2024,7,4241457,0.436854506691034,83.9,1,1,1,6,6,0.16666666666666666,0.3333333333333333
2024_07_PHI_NYG,2024,7,4595348,0.30924096815903934,42.8,0,1,1,3,3,0.3333333333333333,0.6666666666666666
2024_07_SEA_ATL,2024,7,4430807,0.5817567703620921,83.4,1,1,1,4,4,0.5,0.75
2024_07_TEN_BUF,2024,7,3916148,0.47083565050064824,97.7,0,0,0,5,5,0.0,0.2
2024_07_BAL_TB,2024,7,3043078,0.5622053928367357,74.2,1,1,1,7,7,0.2857142857142857,0.2857142857142857
2024_07_LAC_ARI,2024,7,3045147,0.3193268102096294,70.7,0,0,0,2,2,0.0,0.0
2024_08_MIN_LA,2024,8,3042519,0.4263031962687508,79.2,0,0,0,5,2,0.0,0.0
2024_08_ARI_MIA,2024,8,3045147,0.46449109646920117,100.0,1,1,1,5,5,0.2,0.2
2024_08_ATL_TB,2024,8,4430807,0.5316119086117876,68.1,1,1,1,5,5,0.2,0.4
2024_08_BAL_CLE,2024,8,3043078,0.3710691193472394,59.5,1,1,1,5,5,0.2,0.2
2024_08_BUF_SEA,2024,8,4567048,0.42556854047870507,64.1,0,1,0,4,4,0.25,0.25
2024_08_CAR_DEN,2024,8,4426338,0.46436967787824945,62.0,1,1,0,6,5,0.16666666666666666,0.16666666666666666
2024_08_CHI_WAS,2024,8,4259545,0.5578894290625156,89.6,1,1,1,3,2,0.6666666666666666,0.6666666666666666
2024_08_DAL_SF,2024,8,3126486,0.45621328164360087,45.2,0,0,0,5,5,0.0,0.2
2024_08_GB_JAX,2024,8,4362249,0.4841541777112318,40.4,0,0,1,5,5,0.0,0.0
2024_08_IND_HOU,2024,8,3116385,0.5301322846766523,100.0,1,1,1,4,4,0.5,0.5
2024_08_KC_LV,2024,8,3059915,0.5947571785914558,98.1,1,1,1,5,5,0.2,0.4
2024_08_NO_LAC,2024,8,4241985,0.38788168783104693,77.1,1,1,0,2,2,0.5,0.5
2024_08_NYJ_NE,2024,8,4427366,0.5683868982810741,95.3,0,0,0,5,5,0.0,0.0
2024_08_PHI_CIN,2024,8,3929630,0.40768206669502094,58.6,0,1,0,4,4,0.25,0.25
2024_08_TEN_DET,2024,8,4429795,0.60020367707154,79.9,1,1,0,8,8,0.25,0.25
2024_08_NYG_PIT,2024,8,4241457,0.5887559537343567,89.1,0,0,0,2,2,0.0,0.0
2024_09_HOU_NYJ,2024,9,3116385,0.6650478320537956,95.7,1,1,1,3,3,0.3333333333333333,0.6666666666666666
2024_09_CHI_ARI,2024,9,4259545,0.5116047802094743,92.8,0,0,0,3,3,0.0,0.0
2024_09_DAL_ATL,2024,9,4430807,0.6228791209450013,83.9,0,0,0,6,6,0.0,0.16666666666666666
2024_09_DEN_BAL,2024,9,3128429,0.35887638103213804,41.8,0,1,1,4,3,0.25,0.25
2024_09_DET_GB,2024,9,4429795,0.6253061926787453,79.6,1,1,0,3,3,0.3333333333333333,0.6666666666666666
2024_09_IND_MIN,2024,9,4242335,0.46386874781803156,91.9,0,0,0,3,3,0.0,0.0
2024_09_JAX_PHI,2024,9,4040715,0.5800869393871666,51.9,1,1,1,4,4,0.5,0.5
2024_09_LAC_CLE,2024,9,4241985,0.3605090642723825,82.1,1,1,1,4,4,0.25,0.25
2024_09_LA_SEA,2024,9,4567048,0.4504305900357658,93.7,0,1,0,3,2,0.3333333333333333,0.3333333333333333
2024_09_LV_CIN,2024,9,4362238,0.43692585191570843,66.3,1,1,0,6,6,0.16666666666666666,0.16666666666666666
2024_09_MIA_BUF,2024,9,3918298,0.4642964505863848,39.7,0,0,0,5,5,0.0,0.2
2024_09_NE_TEN,2024,9,3916148,0.5467291954141058,67.1,0,1,0,3,3,0.3333333333333333,0.3333333333333333
2024_09_NO_CAR,2024,9,4241416,0.44704822109397235,58.9,1,1,0,4,4,0.25,0.5
2024_09_WAS_NYG,2024,9,4360516,0.29385921640001167,48.6,0,0,0,5,2,0.0,0.2
2024_09_TB_KC,2024,9,4243331,0.43912864674959606,41.2,1,1,1,6,6,0.16666666666666666,0.3333333333333333
2024_10_CIN_BAL,2024,10,3043078,0.6561930763860793,65.4,1,1,1,8,8,0.25,0.375
2024_10_ATL_NO,2024,10,4430807,0.6306945878068877,100.0,1,1,0,2,2,0.5,0.5
2024_10_BUF_IND,2024,10,4379399,0.3894759850923192,54.7,1,1,0,4,4,0.25,0.25
2024_10_DEN_KC,2024,10,3059915,0.5517491849998737,83.2,0,1,0,3,3,0.3333333333333333,0.3333333333333333
2024_10_DET_HOU,2024,10,4374302,0.5835083595761568,40.0,1,1,1,5,5,0.4,0.6
2024_10_MIN_JAX,2024,10,4262921,0.4156889406691626,53.8,0,0,0,1,0,0.0,0.0
2024_10_NE_CHI,2024,10,4259545,0.49749402995146086,62.0,0,0,0,1,1,0.0,0.0
2024_10_NYG_CAR,2024,10,4241416,0.4415415242733538,80.8,1,1,1,4,4,0.5,0.5
2024_10_NYJ_ARI,2024,10,3045147,0.6310504753041477,100.0,1,1,1,3,3,0.3333333333333333,0.3333333333333333
2024_10_PHI_DAL,2024,10,4040715,0.5541557889907394,49.5,1,1,0,3,2,0.3333333333333333,0.3333333333333333
2024_10_PIT_WAS,2024,10,4241457,0.4386600392413261,95.6,1,1,1,6,4,0.16666666666666666,0.16666666666666666
2024_10_SF_TB,2024,10,3117251,0.5312200848053414,61.7,0,1,0,4,4,0.25,0.5
2024_10_TEN_LAC,2024,10,4241985,0.49916258453681017,88.5,0,0,0,4,4,0.0,0.0
2024_10_MIA_LA,2024,10,4429160,0.41884799712157805,79.7,0,1,0,2,1,0.5,0.5
2024_11_WAS_PHI,2024,11,4040715,0.5872842765666011,52.2,1,1,1,3,2,0.6666666666666666,0.6666666666666666
2024_11_ATL_DEN,2024,11,4430807,0.49243077739225405,79.6,0,0,0,5,4,0.0,0.0
2024_11_BAL_PIT,2024,11,4426354,0.4370327743404139,41.2,0,1,0,2,2,0.5,0.5
2024_11_CIN_LAC,2024,11,4241985,0.5368617022858295,74.5,1,1,0,5,5,0.4,0.4
2024_11_CLE_NO,2024,11,3054850,0.4361853479995864,76.0,0,1,0,5,5,0.2,0.2
2024_11_GB_CHI,2024,11,4259545,0.4229372583056611,68.8,1,1,1,5,5,0.4,0.6
2024_11_IND_NYJ,2024,11,4242335,0.4478023946435651,69.5,0,1,0,4,3,0.25,0.25
2024_11_JAX_DET,2024,11,4429795,0.5270321510867076,54.4,1,1,1,5,5,0.2,0.4
2024_11_KC_BUF,2024,11,3059915,0.40406672639500496,65.8,0,0,0,5,5,0.0,0.2
2024_11_LA_NE,2024,11,4569173,0.30466315927784604,59.6,0,0,0,5,1,0.0,0.2
2024_11_LV_MIA,2024,11,4429160,0.4840917973790074,83.5,1,1,1,5,5,0.2,0.4
2024_11_MIN_TEN,2024,11,3042519,0.29062134084216185,59.2,0,0,0,4,4,0.0,0.25
2024_11_SEA_SF,2024,11,4567048,0.5433337231124913,65.2,1,1,0,4,4,0.25,0.25
2024_11_HOU_DAL,2024,11,3116385,0.6772778355019033,100.0,1,1,1,2,2,0.5,0.5
2024_12_PIT_CLE,2024,12,4241457,0.3911863994288539,69.2,0,0,0,4,4,0.0,0.0
2024_12_ARI_SEA,2024,12,3045147,0.6126948900020042,100.0,0,0,0,1,1,0.0,0.0
2024_12_DAL_WAS,2024,12,4241389,0.2963854088871045,68.8,0,0,0,4,2,0.0,0.0
2024_12_DEN_LV,2024,12,3128429,0.48376092425713957,67.9,1,1,0,2,2,0.5,0.5
2024_12_DET_IND,2024,12,4429795,0.5822432143679817,72.1,1,1,0,2,2,1.0,1.0
2024_12_KC_CAR,2024,12,4241416,0.6392942777577929,77.3,1,1,1,4,4,0.25,0.25
2024_12_MIN_CHI,2024,12,4259545,0.31433638217151005,68.3,0,1,1,6,6,0.16666666666666666,0.3333333333333333
2024_12_NE_MIA,2024,12,4429160,0.3968558919284546,79.4,1,1,0,4,4,0.25,0.25
2024_12_PHI_LA,2024,12,4047646,0.41585870523514445,42.9,1,1,1,6,3,0.3333333333333333,0.3333333333333333
2024_12_SF_GB,2024,12,4047365,0.5673068980746869,62.4,1,1,0,4,4,0.25,0.25
2024_12_TB_NYG,2024,12,4595348,0.3539441642379977,52.4,0,1,0,5,5,0.2,0.2
2024_12_TEN_HOU,2024,12,3116385,0.7774503539044465,100.0,0,0,0,5,5,0.0,0.2
2024_12_BAL_LAC,2024,12,4429615,0.42401026348759663,51.8,0,0,0,6,6,0.0,0.16666666666666666
2024_13_CHI_DET,2024,13,4429795,0.6781422580711682,84.6,0,0,0,3,3,0.0,0.0
2024_13_MIA_GB,2024,13,4429160,0.4620664618867376,79.5,1,1,1,4,4,0.5,0.5
2024_13_NYG_DAL,2024,13,4360516,0.529077400480604,71.6,1,1,1,4,3,0.25,0.25
2024_13_LV_KC,2024,13,15847,0.5135063247252738,72.2,0,0,0,3,3,0.0,0.0
2024_13_ARI_MIN,2024,13,3045147,0.43712196087002797,99.9,0,0,1,3,3,0.0,0.3333333333333333
2024_13_HOU_JAX,2024,13,3116385,0.7291387631371422,100.0,1,1,1,4,4,0.25,0.25
2024_13_IND_NE,2024,13,4569173,0.3855074036376427,87.5,0,0,1,5,5,0.0,0.2
2024_13_LAC_ATL,2024,13,4430807,0.50683248104144,86.4,1,1,1,1,1,1.0,1.0
2024_13_LA_NO,2024,13,2468609,0.5231387672054393,46.7,0,0,0,4,1,0.0,0.0
2024_13_PHI_BAL,2024,13,4040715,0.5733013505961152,46.7,1,1,1,5,5,0.4,0.4
2024_13_PIT_CIN,2024,13,4362238,0.44204176070237033,68.6,1,1,1,8,8,0.25,0.375
2024_13_SEA_NYJ,2024,13,4567048,0.6172046105968817,99.9,0,0,0,4,4,0.0,0.25
2024_13_SF_BUF,2024,13,3918298,0.6136153403195084,48.0,1,1,0,5,5,0.4,0.4
2024_13_TB_CAR,2024,13,4596448,0.61108975917081,79.2,1,1,0,4,4,0.25,0.25
2024_13_TEN_WAS,2024,13,3916148,0.4164213558088712,76.2,0,0,0,5,1,0.0,0.2
2024_13_CLE_DEN,2024,13,3128429,0.4241148221567662,66.8,0,1,1,6,6,0.16666666666666666,0.3333333333333333
2024_14_GB_DET,2024,14,4429795,0.45172809714204787,73.8,1,1,1,5,5,0.4,0.6
2024_14_ATL_MIN,2024,14,4429205,0.4380968059137992,52.8,1,1,1,5,5,0.4,0.6
2024_14_BUF_LA,2024,14,4379399,0.5543185463376457,61.4,0,1,0,7,4,0.14285714285714285,0.2857142857142857
2024_14_CAR_PHI,2024,14,3929630,0.5904244021926044,57.2,0,1,0,5,5,0.2,0.2
2024_14_CHI_SF,2024,14,4259545,0.5528119391059401,86.9,0,0,0,4,4,0.0,0.0
2024_14_CLE_PIT,2024,14,4241457,0.5058335260179414,63.4,1,1,1,5,5,0.2,0.4
2024_14_JAX_TEN,2024,14,3916148,0.4037695672829572,55.7,0,0,0,1,1,0.0,0.0
2024_14_LAC_KC,2024,14,3051926,0.3769346826421557,42.8,1,1,0,3,3,0.3333333333333333,0.6666666666666666
2024_14_LV_TB,2024,14,16737,0.45178859761025936,58.0,0,0,0,3,2,0.0,0.0
2024_14_NO_NYG,2024,14,3054850,0.5278949230879184,81.7,0,1,0,3,3,0.3333333333333333,0.3333333333333333
2024_14_NYJ_MIA,2024,14,4429160,0.5719865988840355,82.9,1,1,1,5,5,0.4,0.4
2024_14_SEA_ARI,2024,14,3045147,0.3387019223832185,78.8,1,1,1,4,4,0.25,0.25
2024_14_CIN_DAL,2024,14,4362238,0.5379065389994725,93.5,1,1,1,4,4,0.25,0.5
2024_15_LA_SF,2024,15,4372561,0.570887890375859,57.2,0,0,0,0,0,,
2024_15_BAL_NYG,2024,15,3043078,0.5688782683177771,64.8,0,0,0,6,5,0.0,0.16666666666666666
2024_15_BUF_DET,2024,15,3918298,0.5868089920729287,56.2,1,1,1,9,8,0.2222222222222222,0.3333333333333333
2024_15_CIN_TEN,2024,15,4362628,0.4341179695974017,55.9,0,1,1,6,5,0.16666666666666666,0.16666666666666666
2024_15_DAL_CAR,2024,15,4241416,0.5809827574953399,100.0,0,1,0,5,5,0.2,0.2
2024_15_GB_SEA,2024,15,4047365,0.41404360995515577,66.1,1,1,1,3,3,0.6666666666666666,0.6666666666666666
2024_15_IND_DEN,2024,15,4361579,0.3604810718217759,49.3,0,0,0,4,3,0.0,0.0
2024_15_KC_CLE,2024,15,3128720,0.3759806646785311,53.5,0,0,0,4,4,0.0,0.0
2024_15_MIA_HOU,2024,15,3116385,0.5370885383832475,65.9,0,0,0,2,2,0.0,0.0
2024_15_NE_ARI,2024,15,3045147,0.3706064103106489,60.3,1,1,1,3,3,0.3333333333333333,0.3333333333333333
2024_15_NYJ_JAX,2024,15,4429013,0.4459953058349688,57.7,0,1,1,4,4,0.25,0.5
2024_15_PIT_PHI,2024,15,3929630,0.5265705302269048,61.2,0,1,0,4,4,0.25,0.5
2024_15_TB_LAC,2024,15,3051926,0.3938535951944184,48.8,0,0,1,5,5,0.0,0.2
2024_15_WAS_NO,2024,15,3054850,0.46515514916250955,93.3,1,1,1,3,2,0.3333333333333333,0.3333333333333333
2024_15_ATL_LV,2024,15,4430807,0.5233252611131596,84.9,0,0,0,2,2,0.0,0.0
2024_15_CHI_MIN,2024,15,4429205,0.5248736839236283,64.9,0,1,1,4,4,0.25,0.5
2024_16_DEN_LAC,2024,16,3128429,0.5171966944336224,87.1,0,0,0,6,6,0.0,0.0
2024_16_HOU_KC,2024,16,3116385,0.5048441148926099,94.7,0,0,0,5,5,0.0,0.0
2024_16_PIT_BAL,2024,16,4429615,0.459867675390071,44.4,0,1,0,5,5,0.2,0.4
2024_16_ARI_CAR,2024,16,3045147,0.49266633926149606,68.4,1,1,1,7,7,0.2857142857142857,0.2857142857142857
2024_16_CLE_CIN,2024,16,4362628,0.6004308660836817,47.4,1,1,0,4,4,0.25,0.25
2024_16_DET_CHI,2024,16,4429795,0.6831984566066457,94.9,1,1,0,6,6,0.3333333333333333,0.5
2024_16_JAX_LV,2024,16,4432773,0.4159945436793082,68.3,1,1,0,4,4,0.25,0.5
2024_16_LA_NYJ,2024,16,16800,0.42100568448235665,45.7,1,1,0,3,1,0.3333333333333333,0.3333333333333333
2024_16_MIN_SEA,2024,16,4429205,0.46661451071975857,62.3,1,1,0,5,5,0.4,0.4
2024_16_NE_BUF,2024,16,3918298,0.6166864144802061,60.9,0,1,1,4,4,0.25,0.5
2024_16_NYG_ATL,2024,16,4430807,0.551449214678508,100.0,1,1,1,2,2,0.5,1.0
2024_16_PHI_WAS,2024,16,4047646,0.5172252724319256,43.5,1,1,1,5,2,0.2,0.4
2024_16_SF_MIA,2024,16,4429160,0.4809523428757563,90.5,1,1,1,4,3,0.5,0.75
2024_16_TB_DAL,2024,16,16737,0.49439215081811594,43.7,0,1,0,5,5,0.2,0.2
2024_16_TEN_IND,2024,16,3916148,0.45438083289062603,76.4,0,1,1,6,6,0.16666666666666666,0.3333333333333333
2024_16_NO_GB,2024,16,4047365,0.44627934105916267,88.2,1,1,1,4,4,0.25,0.25
2024_17_BAL_HOU,2024,17,3116385,0.45294421993274536,74.4,0,1,0,4,4,0.25,0.25
2024_17_KC_PIT,2024,17,4683062,0.3546979944043013,49.0,1,1,0,5,5,0.4,0.6
2024_17_SEA_CHI,2024,17,4426385,0.5436279904168466,58.0,0,0,0,0,0,,
2024_17_ARI_LA,2024,17,3045147,0.49949331567093114,100.0,0,0,0,2,1,0.0,0.0
2024_17_DEN_CIN,2024,17,4362628,0.5632418245551121,61.3,0,0,0,4,4,0.0,0.25
2024_17_LAC_NE,2024,17,4241985,0.5044466778087267,74.1,1,1,0,4,4,0.25,0.25
2024_17_ATL_WAS,2024,17,4430807,0.5999610505975166,100.0,1,1,1,4,2,0.25,0.25
2024_17_CAR_TB,2024,17,16737,0.543708160734214,58.6,1,1,0,4,4,0.25,0.25
2024_17_DAL_PHI,2024,17,3929630,0.645234891903365,91.3,0,1,0,4,4,0.25,0.5
2024_17_GB_MIN,2024,17,4047365,0.48075504309865336,80.6,1,1,1,6,6,0.3333333333333333,0.3333333333333333
2024_17_IND_NYG,2024,17,4242335,0.7963968994585595,100.0,1,1,1,7,7,0.14285714285714285,0.2857142857142857
2024_17_LV_NO,2024,17,4048244,0.41898686519659534,86.6,0,0,0,3,3,0.0,0.0
2024_17_MIA_CLE,2024,17,4429160,0.5606652310257169,83.0,0,0,0,2,2,0.0,0.5
2024_17_NYJ_BUF,2024,17,16800,0.516539854653214,64.4,0,1,0,7,6,0.14285714285714285,0.2857142857142857
2024_17_TEN_JAX,2024,17,4428557,0.5546936971796758,65.6,0,0,0,3,2,0.0,0.3333333333333333
2024_17_DET_SF,2024,17,4429795,0.6180922470276946,91.0,1,1,1,9,9,0.2222222222222222,0.3333333333333333
2024_18_CIN_PIT,2024,18,4362628,0.6894302671553325,69.8,1,1,1,3,3,0.3333333333333333,0.3333333333333333
2024_18_CLE_BAL,2024,18,3116365,0.47555899551162095,36.5,1,1,1,4,4,0.25,0.5
2024_18_BUF_NE,2024,18,4379399,0.6480903675047405,89.3,1,1,1,4,3,0.25,0.5
2024_18_CAR_ATL,2024,18,4430807,0.6485825140708037,99.2,1,1,1,7,6,0.2857142857142857,0.2857142857142857
2024_18_CHI_GB,2024,18,4047365,0.5594874950851652,100.0,1,1,1,4,4,0.25,0.5
2024_18_HOU_TEN,2024,18,3916148,0.4504473076409933,58.7,0,0,0,3,2,0.0,0.0
2024_18_JAX_IND,2024,18,4242335,0.7128449173646625,81.6,1,1,1,4,4,0.25,0.5
2024_18_KC_DEN,2024,18,4240472,0.5372368391818012,48.0,0,0,0,4,4,0.0,0.0
2024_18_LAC_LV,2024,18,4241985,0.42150890190336776,61.8,0,0,0,5,5,0.0,0.0
2024_18_MIA_NYJ,2024,18,4429160,0.5232167137722106,88.2,1,1,1,6,6,0.3333333333333333,0.3333333333333333
2024_18_MIN_DET,2024,18,4429795,0.6650089497273001,79.4,1,1,1,1,1,1.0,1.0
2024_18_NO_TB,2024,18,16737,0.5057777348809833,59.7,0,1,1,4,4,0.25,0.5
2024_18_NYG_PHI,2024,18,4371733,0.6050566606860175,51.5,0,0,0,3,2,0.0,0.0
2024_18_SEA_LA,2024,18,4426385,0.2880729762803229,64.9,0,0,0,6,3,0.0,0.16666666666666666
2024_18_SF_ARI,2024,18,3917315,0.43296494460379287,43.9,0,0,0,8,8,0.0,0.125
2024_18_WAS_DAL,2024,18,4038815,0.32392398981649906,84.7,1,1,1,3,1,0.3333333333333333,0.3333333333333333
2024_19_LAC_HOU,2024,19,4241985,0.4020960978541066,59.7,0,0,0,3,3,0.0,0.3333333333333333
2024_19_PIT_BAL,2024,19,3043078,0.4694443103795577,59.6,1,1,1,5,5,0.2,0.2
2024_19_DEN_BUF,2024,19,3128429,0.46143166712370975,50.4,0,0,1,4,4,0.0,0.0
2024_19_GB_PHI,2024,19,4047646,0.38177665657695503,50.3,0,0,0,3,3,0.0,0.0
2024_19_WAS_TB,2024,19,4596448,0.49696308271689826,57.1,1,1,1,4,2,0.5,0.5
2024_19_MIN_LA,2024,19,4429205,0.42242424095747255,54.0,0,0,0,3,1,0.0,0.0
2024_20_HOU_KC,2024,20,3116385,0.4555302092602813,79.9,1,1,1,3,3,0.3333333333333333,0.3333333333333333
2024_20_WAS_DET,2024,20,4429795,0.6337089156378016,97.4,1,1,1,6,3,0.16666666666666666,0.3333333333333333
2024_20_BAL_BUF,2024,20,3043078,0.4496954255783636,71.8,1,1,1,5,5,0.2,0.4
2024_20_LA_PHI,2024,20,4047646,0.49233745235414494,46.7,0,0,1,4,2,0.0,0.0
2024_21_BUF_KC,2024,21,3918298,0.46966146700564404,47.1,0,1,1,6,6,0.16666666666666666,0.16666666666666666
2024_21_WAS_PHI,2024,21,3929630,0.5433210218678334,75.1,1,1,1,6,4,0.3333333333333333,0.5
2024_22_KC_PHI,2024,22,3929630,0.6760022470517532,63.7,0,1,0,5,5,0.2,0.4
