market,kind,model,n_train,n_test,auc,logloss,brier,cal,base,top5,top10,p60,n60,p70,n70,secs
h1,batter,own-rate baseline,86628,30355,0.5503535395226463,0.6679687157823727,0.2375618532592709,0.5961978324070772,0.6074122879262066,0.6728682170542636,0.6775193798449612,0.6407705064421483,15678,0.6841269841269841,1260,
h1,batter,logistic,86628,30355,0.5696070726309299,0.6629262905304127,0.2351387956149065,0.6080473213418724,0.6074122879262066,0.710077519379845,0.7,0.6509050173928425,16961,0.7079295154185022,2270,0.6
h1,batter,logistic L1,86628,30355,0.569656880198682,0.6629127848673256,0.2351321736512356,0.6081432936531753,0.6074122879262066,0.7116279069767442,0.6961240310077519,0.6507983267542568,16973,0.7076308784383318,2254,6.4
h1,batter,logistic + platt,86628,30355,0.5696070726309299,0.6629256251602504,0.2351384996934871,0.6080496876214792,0.6074122879262066,0.710077519379845,0.7,0.6509050173928425,16961,0.7077262693156733,2265,0.8
h1,batter,gaussian NB,86628,30355,0.557756799131222,0.666958407069232,0.236904499116726,0.6251495834662252,0.6074122879262066,0.6449612403100775,0.6534883720930232,0.6384669198480911,20012,0.662873399715505,2109,0.5
h1,batter,random forest,86628,30355,0.5644646233057383,0.6638935484511326,0.235612860821248,0.609894508661916,0.6074122879262066,0.7131782945736435,0.7023255813953488,0.6460997263945503,17909,0.7065446868402533,1421,13.3
h1,batter,extra trees,86628,30355,0.5680077372488417,0.663227468713467,0.2353023318103294,0.6117549512062791,0.6074122879262066,0.7162790697674418,0.7193798449612403,0.6445438861332758,18548,0.7523809523809524,630,4.3
h1,batter,hist-GBM,86628,30355,0.5675684325897943,0.66326389712093,0.2353198979715965,0.6098291948977648,0.6074122879262066,0.7224806201550388,0.703875968992248,0.6474913009316422,17818,0.7189460476787954,1594,1.4
h1,batter,gradient boosting,86628,30355,0.5657966139282622,0.663610147347019,0.2354614148127923,0.6085723032834703,0.6074122879262066,0.7209302325581395,0.6992248062015504,0.6470757210157417,17406,0.7012002526847757,1583,31.1
h1,batter,kNN (k=200),86628,30355,0.5547670434428942,0.6658470136994478,0.2365328594959644,0.6150189425135892,0.6074122879262066,0.7147286821705426,0.6922480620155039,0.6367140568682419,19976,0.6996047430830039,1518,3.0
h1,batter,MLP (neural net),86628,30355,0.5580043259947908,0.6691524881297319,0.2380102883818781,0.5993945471347591,0.6074122879262066,0.7193798449612403,0.6953488372093023,0.642617240950367,16078,0.6796482412060302,3980,5.3
h1,batter,STACK (LR+HGB+ET),86628,30355,0.5701310305852964,0.6627574075569687,0.2350741764727716,0.6091259135157657,0.6074122879262066,0.7131782945736435,0.7069767441860465,0.6484653213498389,17691,0.7112831858407079,1808,12.8
h2,batter,own-rate baseline,86628,30355,0.5627572376964625,0.5175051208157989,0.1677680486888343,0.2135393309413103,0.2152528413770383,0.2775193798449612,0.2968992248062015,,0,,0,
h2,batter,logistic,86628,30355,0.5892545201844483,0.5125751097395486,0.1662247708764102,0.2171313594544269,0.2152528413770383,0.3054263565891473,0.2945736434108527,,0,,0,0.6
h2,batter,logistic L1,86628,30355,0.5893831129318533,0.5125503823739328,0.1662165245570857,0.2171078100128061,0.2152528413770383,0.3054263565891473,0.2953488372093023,,0,,0,3.3
h2,batter,logistic + platt,86628,30355,0.5892545201844483,0.5125757165714317,0.166225095851534,0.2171621305282774,0.2152528413770383,0.3054263565891473,0.2945736434108527,,0,,0,0.8
h2,batter,gaussian NB,86628,30355,0.5721186997600857,0.5175601584467545,0.1678894228821665,0.2274963560729168,0.2152528413770383,0.2542635658914728,0.262015503875969,,0,,0,0.5
h2,batter,random forest,86628,30355,0.5795657200300163,0.5145144100011979,0.1668424910799042,0.2228147904490575,0.2152528413770383,0.2883720930232558,0.2844961240310077,,0,,0,13.5
h2,batter,extra trees,86628,30355,0.584729359713999,0.5137164274877374,0.1665285118160391,0.2200206178402055,0.2152528413770383,0.3023255813953488,0.2914728682170542,,0,,0,3.5
h2,batter,hist-GBM,86628,30355,0.5834443156525276,0.5137440236336712,0.1666041876929895,0.2201197582862644,0.2152528413770383,0.303875968992248,0.2953488372093023,,0,,0,0.9
h2,batter,gradient boosting,86628,30355,0.5782099258644019,0.515185876878557,0.1671513424438867,0.2197531369082697,0.2152528413770383,0.2837209302325581,0.2875968992248062,,3,,0,30.6
h2,batter,kNN (k=200),86628,30355,0.5680175676903163,0.5163365091530268,0.1674009100642398,0.2201932136386098,0.2152528413770383,0.2806201550387597,0.2775193798449612,,0,,0,2.4
h2,batter,MLP (neural net),86628,30355,0.5617013187338836,0.5214889512737961,0.1691644656610297,0.2210184130587147,0.2152528413770383,0.2527131782945736,0.2542635658914728,,0,,0,2.3
h2,batter,STACK (LR+HGB+ET),86628,30355,0.5879080516432585,0.5130811796534508,0.1663709967145867,0.2192242040363107,0.2152528413770383,0.2945736434108527,0.2976744186046511,,0,,0,13.4
tb2,batter,own-rate baseline,86628,30355,0.5515964291235975,0.6464999372389374,0.2270763511971436,0.3464953188108097,0.352561357272278,0.4,0.4007751937984496,,0,,0,
tb2,batter,logistic,86628,30355,0.5754693302751533,0.6411060596551187,0.2246961814258976,0.3543781772107822,0.352561357272278,0.4744186046511628,0.4472868217054263,,0,,0,0.8
tb2,batter,logistic L1,86628,30355,0.5754625883732355,0.6411034954991706,0.2246950744313615,0.3544720271865081,0.352561357272278,0.4806201550387597,0.4457364341085271,,0,,0,16.5
tb2,batter,logistic + platt,86628,30355,0.5754693302751533,0.6411060805287565,0.2246961915441817,0.3543784535872394,0.352561357272278,0.4744186046511628,0.4472868217054263,,0,,0,1.1
tb2,batter,gaussian NB,86628,30355,0.5621466902258578,0.6461743392353718,0.2269582361518164,0.3677230909026471,0.352561357272278,0.4170542635658915,0.4155038759689922,0.470873786407767,206,,0,0.4
tb2,batter,random forest,86628,30355,0.5651664346891374,0.6432188388314746,0.2256593046690708,0.3591427798190046,0.352561357272278,0.4589147286821705,0.4372093023255814,,4,,0,13.1
tb2,batter,extra trees,86628,30355,0.5702552869181818,0.6422022401450361,0.2251767446851729,0.357895587658818,0.352561357272278,0.4496124031007752,0.4441860465116279,,0,,0,3.7
tb2,batter,hist-GBM,86628,30355,0.5701722683361024,0.6421381204892375,0.2251694559986634,0.3554530116195811,0.352561357272278,0.4666666666666667,0.4410852713178294,,0,,0,0.8
tb2,batter,gradient boosting,86628,30355,0.5697209555323263,0.6423699530696727,0.2252802648294875,0.3547426226571796,0.352561357272278,0.4713178294573643,0.4364341085271317,,12,,0,29.8
tb2,batter,kNN (k=200),86628,30355,0.5542041782428403,0.6450667704378041,0.2264827944325481,0.3546395980892768,0.352561357272278,0.4124031007751938,0.4124031007751938,,0,,0,1.9
tb2,batter,MLP (neural net),86628,30355,0.5610659319686183,0.6455495780944465,0.226650846046314,0.3493975719013305,0.352561357272278,0.4124031007751938,0.4015503875968992,,12,,0,4.0
tb2,batter,STACK (LR+HGB+ET),86628,30355,0.5738748039083594,0.641404365227251,0.2248342029106607,0.3556722964574207,0.352561357272278,0.4775193798449612,0.4558139534883721,,0,,0,14.2
hr1,batter,own-rate baseline,86628,30355,0.6013644465504729,0.3523125840249484,0.1011481462290738,0.1147934944021987,0.1158952396639762,0.2310077519379845,0.2116279069767442,,0,,0,
hr1,batter,logistic,86628,30355,0.6177963852820185,0.3500090848991346,0.1007528419614884,0.1189467483185769,0.1158952396639762,0.2217054263565891,0.2108527131782945,,0,,0,0.8
hr1,batter,logistic L1,86628,30355,0.6176450918620303,0.3500114097094533,0.100748307077781,0.1189640464252074,0.1158952396639762,0.2170542635658914,0.2062015503875969,,0,,0,24.7
hr1,batter,logistic + platt,86628,30355,0.6177963852820185,0.3500129023428516,0.1007543373962762,0.1189862283103864,0.1158952396639762,0.2217054263565891,0.2108527131782945,,0,,0,1.0
hr1,batter,gaussian NB,86628,30355,0.6009898724710013,0.353903219187043,0.1016153979279962,0.1259828044466029,0.1158952396639762,0.2077519379844961,0.1883720930232558,,0,,0,0.5
hr1,batter,random forest,86628,30355,0.6077213069285714,0.3518639120015063,0.1011447383437887,0.1248242801647899,0.1158952396639762,0.2077519379844961,0.2046511627906976,,0,,0,13.1
hr1,batter,extra trees,86628,30355,0.6112579442020462,0.3508111243739395,0.1008583099162613,0.1202745191331752,0.1158952396639762,0.2093023255813953,0.2124031007751938,,0,,0,3.5
hr1,batter,hist-GBM,86628,30355,0.6083562965548464,0.3513738086648676,0.1010176199919176,0.1193652357486825,0.1158952396639762,0.1984496124031007,0.2062015503875969,,0,,0,1.1
hr1,batter,gradient boosting,86628,30355,0.608502971945493,0.3533078425772604,0.1019110147522781,0.1228244271057548,0.1158952396639762,0.1860465116279069,0.2023255813953488,,4,,3,29.9
hr1,batter,kNN (k=200),86628,30355,0.5924418895679628,0.3533618948978908,0.1013600074122879,0.1189351013012683,0.1158952396639762,0.2155038759689922,0.2007751937984496,,0,,0,2.4
hr1,batter,MLP (neural net),86628,30355,0.5836250017820721,0.3605261421511339,0.1025788562972672,0.1054687127172499,0.1158952396639762,0.1689922480620155,0.1604651162790697,,0,,0,2.1
hr1,batter,STACK (LR+HGB+ET),86628,30355,0.6153325395265711,0.3509633753864737,0.1009959373786914,0.1208803884585899,0.1158952396639762,0.2201550387596899,0.2178294573643411,,0,,0,14.4
rbi1,batter,own-rate baseline,86628,30355,0.5439222893072287,0.6042243149985621,0.2069453298837008,0.2973897076724662,0.2938560368967221,0.3488372093023256,0.3364341085271318,,0,,0,
rbi1,batter,logistic,86628,30355,0.5602612811074466,0.6012432234520576,0.2057255116084331,0.2963577709828263,0.2938560368967221,0.3767441860465116,0.3736434108527132,,0,,0,0.7
rbi1,batter,logistic L1,86628,30355,0.5602212602288072,0.601250017028556,0.205728890954765,0.2965258433880576,0.2938560368967221,0.3844961240310077,0.3736434108527132,,0,,0,2.0
rbi1,batter,logistic + platt,86628,30355,0.5602612811074466,0.6012426578821843,0.2057253295298637,0.2963860833351102,0.2938560368967221,0.3767441860465116,0.3736434108527132,,0,,0,0.7
rbi1,batter,gaussian NB,86628,30355,0.5517528381246463,0.6041676368206689,0.2070472152964786,0.3067065372057707,0.2938560368967221,0.3565891472868217,0.3480620155038759,,0,,0,0.5
rbi1,batter,random forest,86628,30355,0.5545631123816817,0.6022784521525193,0.206131162699388,0.3006779743989237,0.2938560368967221,0.3813953488372093,0.3682170542635659,,0,,0,14.0
rbi1,batter,extra trees,86628,30355,0.5587817272157665,0.6012370708010062,0.2057101357405908,0.2990238881007427,0.2938560368967221,0.3953488372093023,0.3767441860465116,,0,,0,3.4
rbi1,batter,hist-GBM,86628,30355,0.55998396445192,0.6011303336600902,0.2056819427890724,0.2969186902269478,0.2938560368967221,0.3968992248062015,0.3612403100775194,,0,,0,0.7
rbi1,batter,gradient boosting,86628,30355,0.5567919698828767,0.6017617693358827,0.2059526856928009,0.2984691428300677,0.2938560368967221,0.3891472868217054,0.3674418604651163,,0,,0,30.1
rbi1,batter,kNN (k=200),86628,30355,0.5423615299565586,0.6040395488198048,0.2068585941360566,0.300507165211662,0.2938560368967221,0.386046511627907,0.3713178294573643,,0,,0,2.1
rbi1,batter,MLP (neural net),86628,30355,0.555013436178414,0.6036826780432156,0.2067889523344207,0.3055246533539936,0.2938560368967221,0.3906976744186046,0.3767441860465116,,20,,0,3.4
rbi1,batter,STACK (LR+HGB+ET),86628,30355,0.5616111960133933,0.6009180068712553,0.2055960459656704,0.2977094843524708,0.2938560368967221,0.3984496124031008,0.375968992248062,,0,,0,12.9
r1,batter,own-rate baseline,86628,30355,0.5519142062698639,0.6621016411795262,0.2345789626708818,0.366611018113586,0.3801350683577664,0.462015503875969,0.4457364341085271,,0,,0,
r1,batter,logistic,86628,30355,0.5727117779146497,0.6565159006791407,0.2320576072259761,0.3767512250449361,0.3801350683577664,0.5054263565891473,0.517829457364341,0.5614035087719298,57,,1,0.9
r1,batter,logistic L1,86628,30355,0.5727085584645506,0.6565221083305463,0.2320602557422106,0.3767501260154436,0.3801350683577664,0.5100775193798449,0.5186046511627908,0.559322033898305,59,,1,3.2
r1,batter,logistic + platt,86628,30355,0.5727117779146497,0.6565156158353233,0.2320574237301638,0.3766960810787377,0.3801350683577664,0.5054263565891473,0.517829457364341,0.5614035087719298,57,,1,1.0
r1,batter,gaussian NB,86628,30355,0.5618934445474177,0.6613129636041452,0.2343562615489893,0.3907837754270837,0.3801350683577664,0.427906976744186,0.4325581395348837,0.4486133768352365,613,,0,0.5
r1,batter,random forest,86628,30355,0.5699956720273689,0.6574059292731554,0.2324677256427857,0.3793344563697052,0.3801350683577664,0.5023255813953489,0.4875968992248062,0.546875,64,,0,13.3
r1,batter,extra trees,86628,30355,0.5725004364450521,0.6568426441861348,0.2322091038096125,0.3777564255499928,0.3801350683577664,0.5023255813953489,0.4937984496124031,,9,,0,3.4
r1,batter,hist-GBM,86628,30355,0.5703798367102278,0.6572138727395412,0.2323500413571203,0.3777359867751467,0.3801350683577664,0.5085271317829457,0.5023255813953489,,22,,0,0.9
r1,batter,gradient boosting,86628,30355,0.5693583153265206,0.6577535583972451,0.2326184260136053,0.3757532770444747,0.3801350683577664,0.4697674418604651,0.4914728682170542,0.4793388429752066,121,,7,29.9
r1,batter,kNN (k=200),86628,30355,0.5582319211157901,0.6593028400334476,0.2333618761324328,0.3769039696919782,0.3801350683577664,0.4744186046511628,0.4728682170542636,,5,,0,2.0
r1,batter,MLP (neural net),86628,30355,0.5634016072305514,0.6601612037979739,0.2336678475841629,0.3648726641751063,0.3801350683577664,0.489922480620155,0.4883720930232558,0.5384615384615384,104,,0,2.9
r1,batter,STACK (LR+HGB+ET),86628,30355,0.5722973807991001,0.6568464901421169,0.2321944069433406,0.3777629618905366,0.3801350683577664,0.5162790697674419,0.5054263565891473,0.6101694915254238,59,,0,13.8
sb1,batter,own-rate baseline,86628,30355,0.7161956284884903,0.2230063324899208,0.0586481155274693,0.0671352301335928,0.0652940207544062,0.2201550387596899,0.1961240310077519,,0,,0,
sb1,batter,logistic,86628,30355,0.7155426754653653,0.2237732010489023,0.0586942047118465,0.0669379843589126,0.0652940207544062,0.227906976744186,0.1945736434108527,,0,,0,0.7
sb1,batter,logistic L1,86628,30355,0.7156917455705658,0.223783593818188,0.0586983695081749,0.067170439829262,0.0652940207544062,0.2294573643410852,0.1968992248062015,,0,,0,32.4
sb1,batter,logistic + platt,86628,30355,0.7155426754653653,0.2237744666444709,0.0586948698968328,0.0669945078642474,0.0652940207544062,0.227906976744186,0.1945736434108527,,0,,0,0.9
sb1,batter,gaussian NB,86628,30355,0.6726887367479557,0.2329099844971146,0.0601742253567428,0.074891722316267,0.0652940207544062,0.1875968992248062,0.1821705426356589,,0,,0,0.5
sb1,batter,random forest,86628,30355,0.7158961723783178,0.2236042467624896,0.0587404416905055,0.0732835248757448,0.0652940207544062,0.213953488372093,0.175968992248062,,0,,0,13.2
sb1,batter,extra trees,86628,30355,0.719153113225031,0.2228822381162998,0.0585981820089787,0.0688016105525981,0.0652940207544062,0.2201550387596899,0.1891472868217054,,0,,0,3.6
sb1,batter,hist-GBM,86628,30355,0.7165969512451666,0.2230424799863961,0.0586624626051622,0.0686869496734087,0.0652940207544062,0.2077519379844961,0.1790697674418604,,0,,0,0.8
sb1,batter,gradient boosting,86628,30355,0.7121994898363281,0.2244418928560969,0.0590286261195789,0.0687097325937782,0.0652940207544062,0.1953488372093023,0.1844961240310077,,3,,2,29.7
sb1,batter,kNN (k=200),86628,30355,0.694814417766098,0.2270330764469836,0.0590580480975127,0.0602951737769725,0.0652940207544062,0.1922480620155038,0.1813953488372093,,0,,0,1.9
sb1,batter,MLP (neural net),86628,30355,0.6777711417703113,0.234042413379308,0.0603499297488284,0.0678062608800379,0.0652940207544062,0.1441860465116279,0.1496124031007752,,0,,0,2.2
sb1,batter,STACK (LR+HGB+ET),86628,30355,0.7188063558528003,0.2238627694349849,0.0587210320413131,0.0692355442457856,0.0652940207544062,0.2077519379844961,0.1806201550387597,,0,,0,14.3
k5,pitcher,own-rate baseline,9189,3304,0.6616435422524778,0.6537039159824585,0.230952973221216,0.5395356600995583,0.5139225181598063,0.6927899686520376,0.6422893481717011,0.6740128558310376,1089,0.7549295774647887,355,
k5,pitcher,logistic,9189,3304,0.6999748440403845,0.6264078746986856,0.2189700548929886,0.5350417603192028,0.5139225181598063,0.7225705329153606,0.6637519872813991,0.6943573667711599,1276,0.7404580152671756,655,0.3
k5,pitcher,logistic L1,9189,3304,0.7002476725236781,0.6262226520986981,0.2188764614418021,0.5347897140455173,0.5139225181598063,0.7272727272727273,0.6645468998410174,0.6944226237234878,1273,0.7349768875192604,649,0.6
k5,pitcher,logistic + platt,9189,3304,0.6999748440403845,0.6264204037875614,0.2189760664804311,0.5350625278906903,0.5139225181598063,0.7225705329153606,0.6637519872813991,0.69453125,1280,0.7408536585365854,656,0.3
k5,pitcher,gaussian NB,9189,3304,0.6782717782403149,0.6424899542699566,0.2260142686361897,0.5330897178776522,0.5139225181598063,0.6974921630094044,0.6597774244833068,0.6871455576559546,1058,0.7559912854030502,459,0.2
k5,pitcher,random forest,9189,3304,0.6919638076881893,0.6300060518232636,0.2208088366144389,0.535812569099814,0.5139225181598063,0.7021943573667712,0.6637519872813991,0.6896551724137931,1160,0.7444444444444445,540,1.1
k5,pitcher,extra trees,9189,3304,0.6964779456308572,0.6326339021514137,0.2214067186319217,0.5316120620906748,0.5139225181598063,0.7241379310344828,0.6645468998410174,0.6972111553784861,1004,0.7982456140350878,342,0.7
k5,pitcher,hist-GBM,9189,3304,0.6820195028360961,0.6395985107369763,0.2248770961640715,0.5262188679119896,0.5139225181598063,0.713166144200627,0.6542130365659777,0.6754098360655738,1220,0.7247437774524158,683,0.5
k5,pitcher,gradient boosting,9189,3304,0.6924133879577028,0.6285884530377145,0.2203091689533466,0.5281085339620305,0.5139225181598063,0.7053291536050157,0.6732909379968204,0.6901172529313233,1194,0.7284991568296796,593,4.5
k5,pitcher,kNN (k=200),9189,3304,0.6960808041692886,0.6325196976543187,0.2212359034503632,0.5352981234866828,0.5139225181598063,0.719435736677116,0.6661367249602543,0.6940231935771632,1121,0.7713097713097713,481,0.5
k5,pitcher,MLP (neural net),9189,3304,0.6831174174583826,0.6406698489108267,0.225454998226484,0.5535067069980049,0.5139225181598063,0.719435736677116,0.6565977742448331,0.6569395017793594,1405,0.7051282051282052,858,1.0
k5,pitcher,STACK (LR+HGB+ET),9189,3304,0.6998237616007111,0.626525701022798,0.2189408592226193,0.5325162865361821,0.5139225181598063,0.7225705329153606,0.6645468998410174,0.6833976833976834,1295,0.7330383480825958,678,3.5
k6,pitcher,own-rate baseline,9189,3304,0.6666504102369514,0.6141711518520614,0.212153963514904,0.3875376843240286,0.3622881355932203,0.5768025078369906,0.4944356120826709,0.6692015209125475,263,0.7407407407407407,81,
k6,pitcher,logistic,9189,3304,0.707796623341299,0.5876293958357557,0.2021861980665237,0.3717745294535285,0.3622881355932203,0.5909090909090909,0.5,0.6721311475409836,427,0.7906976744186046,172,0.3
k6,pitcher,logistic L1,9189,3304,0.7079790125527392,0.5875956957042909,0.2021765680000969,0.3721487405499086,0.3622881355932203,0.5877742946708464,0.5007949125596184,0.6697892271662763,427,0.8058823529411765,170,0.4
k6,pitcher,logistic + platt,9189,3304,0.707796623341299,0.5876415245954228,0.2021935876320902,0.3717575643820551,0.3622881355932203,0.5909090909090909,0.5,0.6713286713286714,429,0.7906976744186046,172,0.3
k6,pitcher,gaussian NB,9189,3304,0.6903958995733281,0.6022266867225144,0.2073021447159601,0.3815392573784323,0.3622881355932203,0.5830721003134797,0.5111287758346582,0.6666666666666666,387,0.73,200,0.2
k6,pitcher,random forest,9189,3304,0.702644128118112,0.5916923996178631,0.2036355980440735,0.3777553363634202,0.3622881355932203,0.5862068965517241,0.5031796502384738,0.6791907514450867,346,0.7723577235772358,123,1.0
k6,pitcher,extra trees,9189,3304,0.7075492084109974,0.5936512561943261,0.2038060142466951,0.3749860318846449,0.3622881355932203,0.5846394984326019,0.5158982511923689,0.726027397260274,219,0.8333333333333334,42,0.7
k6,pitcher,hist-GBM,9189,3304,0.6946431892101714,0.598162837077943,0.2065049361217326,0.3644519010586247,0.3622881355932203,0.567398119122257,0.4976152623211446,0.656641604010025,399,0.7107843137254902,204,0.5
k6,pitcher,gradient boosting,9189,3304,0.699350020360187,0.5937046868063863,0.2047205604900133,0.3734514688188513,0.3622881355932203,0.5736677115987461,0.5095389507154213,0.6580976863753213,389,0.7449664429530202,149,4.4
k6,pitcher,kNN (k=200),9189,3304,0.7062362043377706,0.5921716151236441,0.2032212242736077,0.3730856537530266,0.3622881355932203,0.5956112852664577,0.5087440381558028,0.7142857142857143,252,0.8108108108108109,74,0.5
k6,pitcher,MLP (neural net),9189,3304,0.7046876802828143,0.5902049052954319,0.2036533489341494,0.3701626136741386,0.3622881355932203,0.5877742946708464,0.5007949125596184,0.6502347417840375,426,0.717948717948718,195,0.6
k6,pitcher,STACK (LR+HGB+ET),9189,3304,0.7086518701436394,0.5896186815062974,0.2025914414588953,0.3721340991023812,0.3622881355932203,0.5768025078369906,0.5071542130365659,0.6796338672768879,437,0.7438423645320197,203,3.9
k7,pitcher,own-rate baseline,9189,3304,0.6813345727172986,0.5073611653267888,0.1649956265015772,0.25066618309454,0.2360774818401937,0.4373040752351097,0.3513513513513513,,17,,0,
k7,pitcher,logistic,9189,3304,0.7212757527733756,0.486769830725923,0.1586612246368916,0.2389129061527301,0.2360774818401937,0.438871473354232,0.3616852146263911,0.6991150442477876,113,0.7,30,0.2
k7,pitcher,logistic L1,9189,3304,0.7213834369539599,0.4867018283929372,0.1586344533458578,0.2398592329464137,0.2360774818401937,0.4420062695924764,0.3624801271860095,0.6991150442477876,113,0.7,30,0.3
k7,pitcher,logistic + platt,9189,3304,0.7212757527733756,0.4867714465275946,0.1586621879317029,0.2389088893769083,0.2360774818401937,0.438871473354232,0.3616852146263911,0.6991150442477876,113,0.7,30,0.3
k7,pitcher,gaussian NB,9189,3304,0.6999349831362509,0.5005380465849646,0.1622459957881628,0.2515934554640856,0.2360774818401937,0.4467084639498432,0.3585055643879173,0.6753246753246753,154,,0,0.2
k7,pitcher,random forest,9189,3304,0.7178527164858385,0.4906559983144162,0.1598744344511956,0.2489755976221103,0.2360774818401937,0.4498432601880878,0.3624801271860095,0.6341463414634146,41,,0,1.1
k7,pitcher,extra trees,9189,3304,0.7212615303344305,0.4930217763120634,0.1605582130866193,0.2441844369999509,0.2360774818401937,0.4467084639498432,0.3696343402225755,,0,,0,0.7
k7,pitcher,hist-GBM,9189,3304,0.7042713031817628,0.4981956452799839,0.1633316801424948,0.2340667409340925,0.2360774818401937,0.4310344827586206,0.3537360890302067,0.6046511627906976,86,,27,0.6
k7,pitcher,gradient boosting,9189,3304,0.7144075846235117,0.4917121082055951,0.1605664454940451,0.2459057437419102,0.2360774818401937,0.4341692789968652,0.3553259141494435,0.6060606060606061,66,,4,4.5
k7,pitcher,kNN (k=200),9189,3304,0.7174842029338859,0.4919849942345312,0.1602405039346247,0.238103813559322,0.2360774818401937,0.4498432601880878,0.3616852146263911,,0,,0,0.5
k7,pitcher,MLP (neural net),9189,3304,0.7135194441058149,0.4934459901969686,0.1610236742912766,0.2357987939868381,0.2360774818401937,0.4545454545454545,0.3577106518282988,0.6293103448275862,116,,8,0.9
k7,pitcher,STACK (LR+HGB+ET),9189,3304,0.7223404039172661,0.4891858165330391,0.1590852350844292,0.2429979370474196,0.2360774818401937,0.4404388714733542,0.3648648648648648,0.6691729323308271,133,0.7192982456140351,57,4.8
outs16,pitcher,own-rate baseline,9189,3304,0.6248504293557318,0.6684586353558933,0.2378981988075239,0.508801412197516,0.5108958837772397,0.677115987460815,0.6112877583465819,0.6524547803617571,774,0.7135135135135136,185,
outs16,pitcher,logistic,9189,3304,0.6841346605039651,0.6307129058263292,0.2218802806374588,0.5023114752218518,0.5108958837772397,0.6927899686520376,0.6526232114467408,0.6858846918489065,1006,0.7315634218289085,339,0.3
outs16,pitcher,logistic L1,9189,3304,0.6849023098399888,0.6304072644150265,0.221695944903953,0.502597089054672,0.5108958837772397,0.6865203761755486,0.6550079491255962,0.6848364717542121,1009,0.7337278106508875,338,0.3
outs16,pitcher,logistic + platt,9189,3304,0.6841346605039651,0.6307114908432231,0.221881151016488,0.5023293549164523,0.5108958837772397,0.6927899686520376,0.6526232114467408,0.6858846918489065,1006,0.7323529411764705,340,0.3
outs16,pitcher,gaussian NB,9189,3304,0.6715604617333771,0.6407442081723915,0.225807708572738,0.5175092984478181,0.5108958837772397,0.6974921630094044,0.6375198728139905,0.665053242981607,1033,0.79,100,0.3
outs16,pitcher,random forest,9189,3304,0.6785154966918493,0.6319853319201545,0.2226306076737139,0.5090914353893926,0.5108958837772397,0.6849529780564263,0.6470588235294118,0.6706948640483383,993,0.7108433734939759,166,1.2
outs16,pitcher,extra trees,9189,3304,0.6847560385481676,0.6365372572204182,0.2235492592820446,0.516280167111524,0.5108958837772397,0.6959247648902821,0.6470588235294118,0.6928487690504103,853,0.8157894736842105,38,0.7
outs16,pitcher,hist-GBM,9189,3304,0.6675015250340199,0.6364562502240338,0.2255178757749738,0.504636065599567,0.5108958837772397,0.6865203761755486,0.6343402225755167,0.6605504587155964,1090,0.7317073170731707,369,0.5
outs16,pitcher,gradient boosting,9189,3304,0.6787836607268547,0.6320443410770689,0.2226492361151874,0.5030852180985249,0.5108958837772397,0.6974921630094044,0.6502384737678856,0.6737044145873321,1042,0.7620967741935484,248,4.5
outs16,pitcher,kNN (k=200),9189,3304,0.6702462196752851,0.6421299795176415,0.2262179176755447,0.5261652542372881,0.5108958837772397,0.6614420062695925,0.6375198728139905,0.6669902912621359,1030,0.7023809523809523,84,0.6
outs16,pitcher,MLP (neural net),9189,3304,0.6724307575899771,0.6348903706090658,0.2246156557930354,0.492401597149367,0.5108958837772397,0.6865203761755486,0.6383147853736089,0.6705020920502092,956,0.7142857142857143,357,1.0
outs16,pitcher,STACK (LR+HGB+ET),9189,3304,0.6856582281450894,0.6304409356001127,0.2213097687747041,0.5072087985872362,0.5108958837772397,0.6974921630094044,0.6518282988871225,0.6781395348837209,1075,0.7331378299120235,341,3.7
h3,batter,own-rate baseline,86628,30355,0.5687736979292667,0.18537283511344485,0.043557075172838265,0.046350600607331024,0.04569263712732664,0.08062015503875969,0.07131782945736434,,0,,0,
h3,batter,logistic,86628,30355,0.6132088521914244,0.1821863058982184,0.04329887559409635,0.04833514361786431,0.04569263712732664,0.09612403100775194,0.08682170542635659,,0,,0,0.4
h3,batter,logistic L1,86628,30355,0.6132646281295503,0.1821828561157173,0.04329759948903157,0.04838955608504973,0.04569263712732664,0.09457364341085271,0.08837209302325581,,0,,0,2.1
h3,batter,logistic + platt,86628,30355,0.6132088521914244,0.18218737732764467,0.04329910227203061,0.048344254036946595,0.04569263712732664,0.09612403100775194,0.08682170542635659,,0,,0,0.5
h3,batter,gaussian NB,86628,30355,0.5877496875452355,0.1844706170928726,0.04356632538929792,0.05064585165065121,0.04569263712732664,0.05271317829457364,0.056589147286821705,,0,,0,0.4
h3,batter,random forest,86628,30355,0.5941359204607745,0.18401291217458185,0.0434698397736828,0.052987506970741755,0.04569263712732664,0.08372093023255814,0.07519379844961241,,0,,0,14.9
h3,batter,extra trees,86628,30355,0.6089122880688573,0.18269361324513608,0.043332132546641644,0.04928276102481714,0.04569263712732664,0.08527131782945736,0.08682170542635659,,0,,0,3.3
h3,batter,hist-GBM,86628,30355,0.6077471160280882,0.18271934720608898,0.043353492258147025,0.04893525677195747,0.04569263712732664,0.08062015503875969,0.07596899224806201,,0,,0,0.7
h3,batter,gradient boosting,86628,30355,0.5952682516490861,0.1876527516691178,0.04493993185930459,0.0532856412466131,0.04569263712732664,0.06976744186046512,0.06899224806201551,0.04,50,,25,33.2
h3,batter,kNN (k=200),86628,30355,0.5538045287572873,0.18629598385593632,0.04360606819304893,0.04324888815681108,0.04569263712732664,0.07131782945736434,0.06124031007751938,,0,,0,2.2
h3,batter,MLP (neural net),86628,30355,0.5511464605948597,0.19272217033142844,0.0442408962084949,0.04602705326268305,0.04569263712732664,0.05271317829457364,0.06279069767441861,,0,,0,1.7
h3,batter,STACK (LR+HGB+ET),86628,30355,0.613399824424017,0.18249332261727522,0.04331531934950038,0.048446766388497806,0.04569263712732664,0.08682170542635659,0.08449612403100776,,0,,0,12.4
h4,batter,own-rate baseline,86628,30355,0.5575394477317555,0.040811881692908225,0.006400734575165931,0.006313238324229768,0.006423982869379015,0.009302325581395349,0.010852713178294573,,0,,0,
h4,batter,logistic,86628,30355,0.6220154050193838,0.03845123254248163,0.006376160762699639,0.0060215960062893585,0.006423982869379015,0.012403100775193798,0.009302325581395349,,0,,0,0.4
h4,batter,logistic L1,86628,30355,0.6206626198734952,0.038449652658296835,0.006376136822590959,0.00600463691660834,0.006423982869379015,0.010852713178294573,0.010852713178294573,,0,,0,10.6
h4,batter,logistic + platt,86628,30355,0.6220154050193838,0.03845181112530699,0.006376127639964621,0.005995254145068542,0.006423982869379015,0.012403100775193798,0.009302325581395349,,0,,0,0.5
h4,batter,gaussian NB,86628,30355,0.5940713629871455,0.03869061044482579,0.0063853178849296414,0.006736714085160142,0.006423982869379015,0.007751937984496124,0.008527131782945736,,0,,0,0.4
h4,batter,random forest,86628,30355,0.5896446303475481,0.03912420868258147,0.006387567056383447,0.008089991941577255,0.006423982869379015,0.015503875968992248,0.01627906976744186,,0,,0,13.8
h4,batter,extra trees,86628,30355,0.6184627286948242,0.03841498168664858,0.006374676930643235,0.0066863342693103895,0.006423982869379015,0.015503875968992248,0.010852713178294573,,0,,0,3.0
h4,batter,hist-GBM,86628,30355,0.5791159117186969,0.03865108049050315,0.0063804316649951785,0.0061622353484267235,0.006423982869379015,0.006201550387596899,0.011627906976744186,,0,,0,0.5
h4,batter,gradient boosting,86628,30355,0.5509125688634973,0.06906821041810056,0.012073888329316376,0.011969130659459695,0.006423982869379015,0.004651162790697674,0.004651162790697674,0.011764705882352941,170,0.012345679012345678,162,32.7
h4,batter,kNN (k=200),86628,30355,0.5788145276474189,0.050999014933977675,0.006391149728216109,0.005370449678800857,0.006423982869379015,0.013953488372093023,0.009302325581395349,,0,,0,2.1
h4,batter,MLP (neural net),86628,30355,0.5174447391688771,0.044260544978221926,0.0065175418319440934,0.00829231441555704,0.006423982869379015,0.007751937984496124,0.008527131782945736,,0,,0,1.7
h4,batter,STACK (LR+HGB+ET),86628,30355,0.38162466843501325,0.03883724544365694,0.006382807961027513,0.0061321100370588695,0.006423982869379015,0.006201550387596899,0.003875968992248062,,0,,0,10.6
tb3,batter,own-rate baseline,86628,30355,0.5613430269941433,0.5048852443018053,0.1621640293697911,0.20257952448752534,0.20530390380497446,0.2806201550387597,0.27364341085271315,,0,,0,
tb3,batter,logistic,86628,30355,0.5848938263926261,0.5005061558491298,0.16082294304785144,0.20764040450242463,0.20530390380497446,0.3271317829457364,0.30697674418604654,,0,,0,0.7
tb3,batter,logistic L1,86628,30355,0.5848810083133525,0.5004985694569963,0.16082017157975517,0.20773521819561264,0.20530390380497446,0.32558139534883723,0.30465116279069765,,0,,0,10.9
tb3,batter,logistic + platt,86628,30355,0.5848938263926261,0.5005063890575452,0.16082296494097217,0.20760985983924307,0.20530390380497446,0.3271317829457364,0.30697674418604654,,0,,0,1.0
tb3,batter,gaussian NB,86628,30355,0.5725635924402627,0.5045534338351865,0.16234126137873867,0.2189735551633638,0.20530390380497446,0.27286821705426356,0.26666666666666666,,0,,0,0.4
tb3,batter,random forest,86628,30355,0.5732813383612665,0.5026770331271986,0.1615322251684441,0.21310603610133094,0.20530390380497446,0.3054263565891473,0.28527131782945736,,0,,0,14.2
tb3,batter,extra trees,86628,30355,0.5790556801931394,0.5015194060735704,0.1611403838924613,0.2097809450926866,0.20530390380497446,0.32558139534883723,0.3023255813953488,,0,,0,3.2
tb3,batter,hist-GBM,86628,30355,0.5776564009217416,0.5016509686711216,0.16120295710001956,0.20833612384275932,0.20530390380497446,0.3333333333333333,0.3015503875968992,,0,,0,0.7
tb3,batter,gradient boosting,86628,30355,0.5745846882448887,0.5026345961320461,0.16158759288814237,0.20908194392036472,0.20530390380497446,0.2961240310077519,0.2837209302325581,,0,,0,33.2
tb3,batter,kNN (k=200),86628,30355,0.5634102000354729,0.503747753505685,0.16187049662329106,0.20611513753912042,0.20530390380497446,0.3209302325581395,0.28837209302325584,,0,,0,2.0
tb3,batter,MLP (neural net),86628,30355,0.5648339447430762,0.5056816293608857,0.1625523003965366,0.21129072580367514,0.20530390380497446,0.26046511627906976,0.26589147286821707,,0,,0,1.7
tb3,batter,STACK (LR+HGB+ET),86628,30355,0.582901203752676,0.5008453492334985,0.16093509192399688,0.20889761450350802,0.20530390380497446,0.3426356589147287,0.3077519379844961,,0,,0,12.8
tb4,batter,own-rate baseline,86628,30355,0.5848764992366214,0.4066770979235982,0.12178862972406378,0.14286867063496345,0.14376544226651294,0.2651162790697674,0.24108527131782945,,0,,0,
tb4,batter,logistic,86628,30355,0.6057788599952864,0.4032746013123667,0.12100888502890803,0.14731214953238592,0.14376544226651294,0.2496124031007752,0.2441860465116279,,0,,0,0.6
tb4,batter,logistic L1,86628,30355,0.6056476716663644,0.40330681936064416,0.12101996399512877,0.147547447449958,0.14376544226651294,0.24186046511627907,0.2434108527131783,,0,,0,2.0
tb4,batter,logistic + platt,86628,30355,0.6057788599952864,0.4032759613135928,0.12100938171953189,0.14733930555490982,0.14376544226651294,0.2496124031007752,0.2441860465116279,,0,,0,0.7
tb4,batter,gaussian NB,86628,30355,0.5896553603251439,0.40756097731788504,0.12221707718225004,0.15658355078701908,0.14376544226651294,0.23410852713178296,0.21395348837209302,,0,,0,0.4
tb4,batter,random forest,86628,30355,0.594787023682773,0.4053491777723753,0.12154892073739268,0.15403219029934573,0.14376544226651294,0.23875968992248062,0.237984496124031,,0,,0,14.0
tb4,batter,extra trees,86628,30355,0.5978549614985177,0.40458011675166894,0.12132905308640267,0.14990373092627482,0.14376544226651294,0.24651162790697675,0.24108527131782945,,0,,0,3.2
tb4,batter,hist-GBM,86628,30355,0.5965226241150033,0.40460944208395955,0.12134990427316808,0.14818457288078146,0.14376544226651294,0.2527131782945736,0.24108527131782945,,0,,0,0.7
tb4,batter,gradient boosting,86628,30355,0.5949548883187056,0.40632675640274646,0.1220728100026075,0.15262617297343578,0.14376544226651294,0.22015503875968992,0.2317829457364341,,1,,0,33.4
tb4,batter,kNN (k=200),86628,30355,0.5815332642995895,0.406793947991808,0.12186632927030142,0.14645116125844176,0.14376544226651294,0.22635658914728682,0.2248062015503876,,0,,0,1.8
tb4,batter,MLP (neural net),86628,30355,0.5816799695276313,0.4132924695036905,0.12363624846331978,0.15283708534270618,0.14376544226651294,0.21550387596899226,0.224031007751938,,0,,0,1.7
tb4,batter,STACK (LR+HGB+ET),86628,30355,0.602516211544848,0.40398940323138266,0.12119124237136844,0.1488655691404895,0.14376544226651294,0.23255813953488372,0.24573643410852714,,0,,0,12.5
tb5,batter,own-rate baseline,86628,30355,0.5823010913414159,0.2472394629632988,0.0633431209630371,0.0689145336068836,0.06825893592488881,0.12713178294573643,0.11627906976744186,,0,,0,
tb5,batter,logistic,86628,30355,0.6175999075532365,0.2438242205702977,0.06294753595465874,0.0703026299454196,0.06825893592488881,0.12558139534883722,0.12403100775193798,,0,,0,0.5
tb5,batter,logistic L1,86628,30355,0.6173127519607737,0.2438526400569116,0.06295240544408484,0.07045501804123452,0.06825893592488881,0.13023255813953488,0.1186046511627907,,0,,0,20.8
tb5,batter,logistic + platt,86628,30355,0.6175999075532365,0.24382552270586294,0.06294788105225724,0.07032593813760483,0.06825893592488881,0.12558139534883722,0.12403100775193798,,0,,0,0.8
tb5,batter,gaussian NB,86628,30355,0.6001776020139524,0.24655874252814952,0.06337919650698666,0.07574808521927984,0.06825893592488881,0.12093023255813953,0.10465116279069768,,0,,0,0.4
tb5,batter,random forest,86628,30355,0.6008596818668239,0.24581625646311622,0.06323742656046405,0.0767063340261122,0.06825893592488881,0.10232558139534884,0.10310077519379846,,0,,0,14.9
tb5,batter,extra trees,86628,30355,0.6078876562957106,0.24462801812157944,0.06303572276436678,0.07209094551008528,0.06825893592488881,0.13333333333333333,0.1124031007751938,,0,,0,3.3
tb5,batter,hist-GBM,86628,30355,0.6062206078470266,0.24490462675648797,0.06310278733814458,0.07142959746756829,0.06825893592488881,0.11317829457364341,0.11007751937984496,,0,,0,0.7
tb5,batter,gradient boosting,86628,30355,0.5958860183416455,0.2513771603504396,0.06546474255430441,0.07889543434132072,0.06825893592488881,0.07906976744186046,0.09767441860465116,0.02857142857142857,70,0.0,38,33.0
tb5,batter,kNN (k=200),86628,30355,0.5673257343695416,0.24781896796238134,0.06344191895898535,0.07326503047273926,0.06825893592488881,0.12093023255813953,0.1,,0,,0,1.9
tb5,batter,MLP (neural net),86628,30355,0.572386945539546,0.2533552275219089,0.06415452997369514,0.06971459976926042,0.06825893592488881,0.10232558139534884,0.09767441860465116,,0,,0,1.6
tb5,batter,STACK (LR+HGB+ET),86628,30355,0.6136587704225508,0.24450285150491136,0.06303059433786605,0.07147187792777779,0.06825893592488881,0.11937984496124031,0.11317829457364341,,0,,0,12.9
